billno,chamber,member,vote,points,good or bad bill?,Y or N,cmte vote,slug,cmte name,vote URL,main URL
HB7115,House,Clemons,Committee Yes,-3,bad,Y,cmte vote,HB7115State Affairs Committee,State Affairs Committee,https://www.myfloridahouse.gov/Sections/Committees/billvote.aspx?VoteId=51676&IsPCB=1&BillId=66324&SessionId=87,https://www.myfloridahouse.gov/Sections/Bills/billsdetail.aspx?BillId=66324&SessionId=87
HB7115,House,DiCeglie,Committee Yes,-3,bad,Y,cmte vote,HB7115State Affairs Committee,State Affairs Committee,https://www.myfloridahouse.gov/Sections/Committees/billvote.aspx?VoteId=51676&IsPCB=1&BillId=66324&SessionId=87,https://www.myfloridahouse.gov/Sections/Bills/billsdetail.aspx?BillId=66324&SessionId=87
HB7115,House,Drake,Committee Yes,-3,bad,Y,cmte vote,HB7115State Affairs Committee,State Affairs Committee,https://www.myfloridahouse.gov/Sections/Committees/billvote.aspx?VoteId=51676&IsPCB=1&BillId=66324&SessionId=87,https://www.myfloridahouse.gov/Sections/Bills/billsdetail.aspx?BillId=66324&SessionId=87
HB7115,House,DuBose,Committee Yes,0,bad,-,cmte vote,HB7115State Affairs Committee,State Affairs Committee,https://www.myfloridahouse.gov/Sections/Committees/billvote.aspx?VoteId=51676&IsPCB=1&BillId=66324&SessionId=87,https://www.myfloridahouse.gov/Sections/Bills/billsdetail.aspx?BillId=66324&SessionId=87
HB7115,House,Good,Committee Yes,0,bad,-,cmte vote,HB7115State Affairs Committee,State Affairs Committee,https://www.myfloridahouse.gov/Sections/Committees/billvote.aspx?VoteId=51676&IsPCB=1&BillId=66324&SessionId=87,https://www.myfloridahouse.gov/Sections/Bills/billsdetail.aspx?BillId=66324&SessionId=87
HB7115,House,Grall,Committee Yes,-3,bad,Y,cmte vote,HB7115State Affairs Committee,State Affairs Committee,https://www.myfloridahouse.gov/Sections/Committees/billvote.aspx?VoteId=51676&IsPCB=1&BillId=66324&SessionId=87,https://www.myfloridahouse.gov/Sections/Bills/billsdetail.aspx?BillId=66324&SessionId=87
HB7115,House,Hart,Committee No,3,bad,N,cmte vote,HB7115State Affairs Committee,State Affairs Committee,https://www.myfloridahouse.gov/Sections/Committees/billvote.aspx?VoteId=51676&IsPCB=1&BillId=66324&SessionId=87,https://www.myfloridahouse.gov/Sections/Bills/billsdetail.aspx?BillId=66324&SessionId=87
HB7115,House,Hattersley,Committee No,3,bad,N,cmte vote,HB7115State Affairs Committee,State Affairs Committee,https://www.myfloridahouse.gov/Sections/Committees/billvote.aspx?VoteId=51676&IsPCB=1&BillId=66324&SessionId=87,https://www.myfloridahouse.gov/Sections/Bills/billsdetail.aspx?BillId=66324&SessionId=87
HB7115,House,Ingoglia,Committee Yes,-3,bad,Y,cmte vote,HB7115State Affairs Committee,State Affairs Committee,https://www.myfloridahouse.gov/Sections/Committees/billvote.aspx?VoteId=51676&IsPCB=1&BillId=66324&SessionId=87,https://www.myfloridahouse.gov/Sections/Bills/billsdetail.aspx?BillId=66324&SessionId=87
HB7115,House,Latvala,Committee Yes,-3,bad,Y,cmte vote,HB7115State Affairs Committee,State Affairs Committee,https://www.myfloridahouse.gov/Sections/Committees/billvote.aspx?VoteId=51676&IsPCB=1&BillId=66324&SessionId=87,https://www.myfloridahouse.gov/Sections/Bills/billsdetail.aspx?BillId=66324&SessionId=87
HB7115,House,McClain,Committee Yes,-3,bad,Y,cmte vote,HB7115State Affairs Committee,State Affairs Committee,https://www.myfloridahouse.gov/Sections/Committees/billvote.aspx?VoteId=51676&IsPCB=1&BillId=66324&SessionId=87,https://www.myfloridahouse.gov/Sections/Bills/billsdetail.aspx?BillId=66324&SessionId=87
HB7115,House,McClure,Committee Yes,0,bad,-,cmte vote,HB7115State Affairs Committee,State Affairs Committee,https://www.myfloridahouse.gov/Sections/Committees/billvote.aspx?VoteId=51676&IsPCB=1&BillId=66324&SessionId=87,https://www.myfloridahouse.gov/Sections/Bills/billsdetail.aspx?BillId=66324&SessionId=87
HB7115,House,Newton,Committee Yes,-3,bad,Y,cmte vote,HB7115State Affairs Committee,State Affairs Committee,https://www.myfloridahouse.gov/Sections/Committees/billvote.aspx?VoteId=51676&IsPCB=1&BillId=66324&SessionId=87,https://www.myfloridahouse.gov/Sections/Bills/billsdetail.aspx?BillId=66324&SessionId=87
HB7115,House,Payne,Committee Yes,-3,bad,Y,cmte vote,HB7115State Affairs Committee,State Affairs Committee,https://www.myfloridahouse.gov/Sections/Committees/billvote.aspx?VoteId=51676&IsPCB=1&BillId=66324&SessionId=87,https://www.myfloridahouse.gov/Sections/Bills/billsdetail.aspx?BillId=66324&SessionId=87
HB7115,House,Pigman,Committee Yes,-3,bad,Y,cmte vote,HB7115State Affairs Committee,State Affairs Committee,https://www.myfloridahouse.gov/Sections/Committees/billvote.aspx?VoteId=51676&IsPCB=1&BillId=66324&SessionId=87,https://www.myfloridahouse.gov/Sections/Bills/billsdetail.aspx?BillId=66324&SessionId=87
HB7115,House,Plakon,Committee Yes,-3,bad,Y,cmte vote,HB7115State Affairs Committee,State Affairs Committee,https://www.myfloridahouse.gov/Sections/Committees/billvote.aspx?VoteId=51676&IsPCB=1&BillId=66324&SessionId=87,https://www.myfloridahouse.gov/Sections/Bills/billsdetail.aspx?BillId=66324&SessionId=87
HB7115,House,Polsky,Committee No,3,bad,N,cmte vote,HB7115State Affairs Committee,State Affairs Committee,https://www.myfloridahouse.gov/Sections/Committees/billvote.aspx?VoteId=51676&IsPCB=1&BillId=66324&SessionId=87,https://www.myfloridahouse.gov/Sections/Bills/billsdetail.aspx?BillId=66324&SessionId=87
HB7115,House,Raschein,Committee Yes,-3,bad,Y,cmte vote,HB7115State Affairs Committee,State Affairs Committee,https://www.myfloridahouse.gov/Sections/Committees/billvote.aspx?VoteId=51676&IsPCB=1&BillId=66324&SessionId=87,https://www.myfloridahouse.gov/Sections/Bills/billsdetail.aspx?BillId=66324&SessionId=87
HB7115,House,"Rodriguez, A.",Committee Yes,-3,bad,Y,cmte vote,HB7115State Affairs Committee,State Affairs Committee,https://www.myfloridahouse.gov/Sections/Committees/billvote.aspx?VoteId=51676&IsPCB=1&BillId=66324&SessionId=87,https://www.myfloridahouse.gov/Sections/Bills/billsdetail.aspx?BillId=66324&SessionId=87
HB7115,House,Roth,Committee Yes,-3,bad,Y,cmte vote,HB7115State Affairs Committee,State Affairs Committee,https://www.myfloridahouse.gov/Sections/Committees/billvote.aspx?VoteId=51676&IsPCB=1&BillId=66324&SessionId=87,https://www.myfloridahouse.gov/Sections/Bills/billsdetail.aspx?BillId=66324&SessionId=87
HB7115,House,Slosberg,Committee Yes,0,bad,-,cmte vote,HB7115State Affairs Committee,State Affairs Committee,https://www.myfloridahouse.gov/Sections/Committees/billvote.aspx?VoteId=51676&IsPCB=1&BillId=66324&SessionId=87,https://www.myfloridahouse.gov/Sections/Bills/billsdetail.aspx?BillId=66324&SessionId=87
HB7115,House,"Smith, C.",Committee No,3,bad,N,cmte vote,HB7115State Affairs Committee,State Affairs Committee,https://www.myfloridahouse.gov/Sections/Committees/billvote.aspx?VoteId=51676&IsPCB=1&BillId=66324&SessionId=87,https://www.myfloridahouse.gov/Sections/Bills/billsdetail.aspx?BillId=66324&SessionId=87
HB7115,House,Trumbull,Committee Yes,-3,bad,Y,cmte vote,HB7115State Affairs Committee,State Affairs Committee,https://www.myfloridahouse.gov/Sections/Committees/billvote.aspx?VoteId=51676&IsPCB=1&BillId=66324&SessionId=87,https://www.myfloridahouse.gov/Sections/Bills/billsdetail.aspx?BillId=66324&SessionId=87
HB7115,House,"Watson, C.",Committee No,3,bad,N,cmte vote,HB7115State Affairs Committee,State Affairs Committee,https://www.myfloridahouse.gov/Sections/Committees/billvote.aspx?VoteId=51676&IsPCB=1&BillId=66324&SessionId=87,https://www.myfloridahouse.gov/Sections/Bills/billsdetail.aspx?BillId=66324&SessionId=87
HB7115,House,Zika,Committee Yes,-3,bad,Y,cmte vote,HB7115State Affairs Committee,State Affairs Committee,https://www.myfloridahouse.gov/Sections/Committees/billvote.aspx?VoteId=51676&IsPCB=1&BillId=66324&SessionId=87,https://www.myfloridahouse.gov/Sections/Bills/billsdetail.aspx?BillId=66324&SessionId=87
HB7115,House,Aloupis,Committee Yes,-3,bad,Y,cmte vote,HB7115Education Committee,Education Committee,https://www.myfloridahouse.gov/Sections/Committees/billvote.aspx?VoteId=52165&IsPCB=0&BillId=66324&SessionId=87,https://www.myfloridahouse.gov/Sections/Bills/billsdetail.aspx?BillId=66324&SessionId=87
HB7115,House,Altman,Committee Yes,-3,bad,Y,cmte vote,HB7115Education Committee,Education Committee,https://www.myfloridahouse.gov/Sections/Committees/billvote.aspx?VoteId=52165&IsPCB=0&BillId=66324&SessionId=87,https://www.myfloridahouse.gov/Sections/Bills/billsdetail.aspx?BillId=66324&SessionId=87
HB7115,House,Antone,Committee No,3,bad,N,cmte vote,HB7115Education Committee,Education Committee,https://www.myfloridahouse.gov/Sections/Committees/billvote.aspx?VoteId=52165&IsPCB=0&BillId=66324&SessionId=87,https://www.myfloridahouse.gov/Sections/Bills/billsdetail.aspx?BillId=66324&SessionId=87
HB7115,House,Bush,Committee Yes,-3,bad,Y,cmte vote,HB7115Education Committee,Education Committee,https://www.myfloridahouse.gov/Sections/Committees/billvote.aspx?VoteId=52165&IsPCB=0&BillId=66324&SessionId=87,https://www.myfloridahouse.gov/Sections/Bills/billsdetail.aspx?BillId=66324&SessionId=87
HB7115,House,Byrd,Committee Yes,0,bad,-,cmte vote,HB7115Education Committee,Education Committee,https://www.myfloridahouse.gov/Sections/Committees/billvote.aspx?VoteId=52165&IsPCB=0&BillId=66324&SessionId=87,https://www.myfloridahouse.gov/Sections/Bills/billsdetail.aspx?BillId=66324&SessionId=87
HB7115,House,Daniels,Committee Yes,-3,bad,Y,cmte vote,HB7115Education Committee,Education Committee,https://www.myfloridahouse.gov/Sections/Committees/billvote.aspx?VoteId=52165&IsPCB=0&BillId=66324&SessionId=87,https://www.myfloridahouse.gov/Sections/Bills/billsdetail.aspx?BillId=66324&SessionId=87
HB7115,House,Donalds,Committee Yes,-3,bad,Y,cmte vote,HB7115Education Committee,Education Committee,https://www.myfloridahouse.gov/Sections/Committees/billvote.aspx?VoteId=52165&IsPCB=0&BillId=66324&SessionId=87,https://www.myfloridahouse.gov/Sections/Bills/billsdetail.aspx?BillId=66324&SessionId=87
HB7115,House,Fetterhoff,Committee Yes,-3,bad,Y,cmte vote,HB7115Education Committee,Education Committee,https://www.myfloridahouse.gov/Sections/Committees/billvote.aspx?VoteId=52165&IsPCB=0&BillId=66324&SessionId=87,https://www.myfloridahouse.gov/Sections/Bills/billsdetail.aspx?BillId=66324&SessionId=87
HB7115,House,Fine,Committee Yes,-3,bad,Y,cmte vote,HB7115Education Committee,Education Committee,https://www.myfloridahouse.gov/Sections/Committees/billvote.aspx?VoteId=52165&IsPCB=0&BillId=66324&SessionId=87,https://www.myfloridahouse.gov/Sections/Bills/billsdetail.aspx?BillId=66324&SessionId=87
HB7115,House,Hogan Johnson,Committee No,3,bad,N,cmte vote,HB7115Education Committee,Education Committee,https://www.myfloridahouse.gov/Sections/Committees/billvote.aspx?VoteId=52165&IsPCB=0&BillId=66324&SessionId=87,https://www.myfloridahouse.gov/Sections/Bills/billsdetail.aspx?BillId=66324&SessionId=87
HB7115,House,Latvala,Committee Yes,-3,bad,Y,cmte vote,HB7115Education Committee,Education Committee,https://www.myfloridahouse.gov/Sections/Committees/billvote.aspx?VoteId=52165&IsPCB=0&BillId=66324&SessionId=87,https://www.myfloridahouse.gov/Sections/Bills/billsdetail.aspx?BillId=66324&SessionId=87
HB7115,House,Mariano,Committee Yes,-3,bad,Y,cmte vote,HB7115Education Committee,Education Committee,https://www.myfloridahouse.gov/Sections/Committees/billvote.aspx?VoteId=52165&IsPCB=0&BillId=66324&SessionId=87,https://www.myfloridahouse.gov/Sections/Bills/billsdetail.aspx?BillId=66324&SessionId=87
HB7115,House,Massullo,Committee Yes,-3,bad,Y,cmte vote,HB7115Education Committee,Education Committee,https://www.myfloridahouse.gov/Sections/Committees/billvote.aspx?VoteId=52165&IsPCB=0&BillId=66324&SessionId=87,https://www.myfloridahouse.gov/Sections/Bills/billsdetail.aspx?BillId=66324&SessionId=87
HB7115,House,Perez,Committee Yes,-3,bad,Y,cmte vote,HB7115Education Committee,Education Committee,https://www.myfloridahouse.gov/Sections/Committees/billvote.aspx?VoteId=52165&IsPCB=0&BillId=66324&SessionId=87,https://www.myfloridahouse.gov/Sections/Bills/billsdetail.aspx?BillId=66324&SessionId=87
HB7115,House,Stone,Committee Yes,-3,bad,Y,cmte vote,HB7115Education Committee,Education Committee,https://www.myfloridahouse.gov/Sections/Committees/billvote.aspx?VoteId=52165&IsPCB=0&BillId=66324&SessionId=87,https://www.myfloridahouse.gov/Sections/Bills/billsdetail.aspx?BillId=66324&SessionId=87
HB7115,House,Sullivan,Committee Yes,-3,bad,Y,cmte vote,HB7115Education Committee,Education Committee,https://www.myfloridahouse.gov/Sections/Committees/billvote.aspx?VoteId=52165&IsPCB=0&BillId=66324&SessionId=87,https://www.myfloridahouse.gov/Sections/Bills/billsdetail.aspx?BillId=66324&SessionId=87
HB7115,House,Valdes,Committee No,3,bad,N,cmte vote,HB7115Education Committee,Education Committee,https://www.myfloridahouse.gov/Sections/Committees/billvote.aspx?VoteId=52165&IsPCB=0&BillId=66324&SessionId=87,https://www.myfloridahouse.gov/Sections/Bills/billsdetail.aspx?BillId=66324&SessionId=87
HB7115,House,Williams,Committee Yes,-3,bad,Y,cmte vote,HB7115Education Committee,Education Committee,https://www.myfloridahouse.gov/Sections/Committees/billvote.aspx?VoteId=52165&IsPCB=0&BillId=66324&SessionId=87,https://www.myfloridahouse.gov/Sections/Bills/billsdetail.aspx?BillId=66324&SessionId=87
HB203,House,Bush,Committee Yes,-3,bad,Y,cmte vote,HB203Criminal Justice Subcommittee,Criminal Justice Subcommittee,https://www.myfloridahouse.gov/Sections/Committees/billvote.aspx?VoteId=48015&IsPCB=0&BillId=63087&SessionId=87,https://www.myfloridahouse.gov/Sections/Bills/billsdetail.aspx?BillId=63087&SessionId=87
HB203,House,Donalds,Committee Yes,-3,bad,Y,cmte vote,HB203Criminal Justice Subcommittee,Criminal Justice Subcommittee,https://www.myfloridahouse.gov/Sections/Committees/billvote.aspx?VoteId=48015&IsPCB=0&BillId=63087&SessionId=87,https://www.myfloridahouse.gov/Sections/Bills/billsdetail.aspx?BillId=63087&SessionId=87
HB203,House,Eagle,Committee Yes,-3,bad,Y,cmte vote,HB203Criminal Justice Subcommittee,Criminal Justice Subcommittee,https://www.myfloridahouse.gov/Sections/Committees/billvote.aspx?VoteId=48015&IsPCB=0&BillId=63087&SessionId=87,https://www.myfloridahouse.gov/Sections/Bills/billsdetail.aspx?BillId=63087&SessionId=87
HB203,House,Fernandez-Barquin,Committee Yes,-3,bad,Y,cmte vote,HB203Criminal Justice Subcommittee,Criminal Justice Subcommittee,https://www.myfloridahouse.gov/Sections/Committees/billvote.aspx?VoteId=48015&IsPCB=0&BillId=63087&SessionId=87,https://www.myfloridahouse.gov/Sections/Bills/billsdetail.aspx?BillId=63087&SessionId=87
HB203,House,Fitzenhagen,Committee Yes,-3,bad,Y,cmte vote,HB203Criminal Justice Subcommittee,Criminal Justice Subcommittee,https://www.myfloridahouse.gov/Sections/Committees/billvote.aspx?VoteId=48015&IsPCB=0&BillId=63087&SessionId=87,https://www.myfloridahouse.gov/Sections/Bills/billsdetail.aspx?BillId=63087&SessionId=87
HB203,House,Gottlieb,Committee Yes,-3,bad,Y,cmte vote,HB203Criminal Justice Subcommittee,Criminal Justice Subcommittee,https://www.myfloridahouse.gov/Sections/Committees/billvote.aspx?VoteId=48015&IsPCB=0&BillId=63087&SessionId=87,https://www.myfloridahouse.gov/Sections/Bills/billsdetail.aspx?BillId=63087&SessionId=87
HB203,House,"Grant, J.",Committee Yes,-3,bad,Y,cmte vote,HB203Criminal Justice Subcommittee,Criminal Justice Subcommittee,https://www.myfloridahouse.gov/Sections/Committees/billvote.aspx?VoteId=48015&IsPCB=0&BillId=63087&SessionId=87,https://www.myfloridahouse.gov/Sections/Bills/billsdetail.aspx?BillId=63087&SessionId=87
HB203,House,Grieco,Committee Yes,-3,bad,Y,cmte vote,HB203Criminal Justice Subcommittee,Criminal Justice Subcommittee,https://www.myfloridahouse.gov/Sections/Committees/billvote.aspx?VoteId=48015&IsPCB=0&BillId=63087&SessionId=87,https://www.myfloridahouse.gov/Sections/Bills/billsdetail.aspx?BillId=63087&SessionId=87
HB203,House,Hattersley,Committee Yes,-3,bad,Y,cmte vote,HB203Criminal Justice Subcommittee,Criminal Justice Subcommittee,https://www.myfloridahouse.gov/Sections/Committees/billvote.aspx?VoteId=48015&IsPCB=0&BillId=63087&SessionId=87,https://www.myfloridahouse.gov/Sections/Bills/billsdetail.aspx?BillId=63087&SessionId=87
HB203,House,McClain,Committee Yes,-3,bad,Y,cmte vote,HB203Criminal Justice Subcommittee,Criminal Justice Subcommittee,https://www.myfloridahouse.gov/Sections/Committees/billvote.aspx?VoteId=48015&IsPCB=0&BillId=63087&SessionId=87,https://www.myfloridahouse.gov/Sections/Bills/billsdetail.aspx?BillId=63087&SessionId=87
HB203,House,Roach,Committee Yes,-3,bad,Y,cmte vote,HB203Criminal Justice Subcommittee,Criminal Justice Subcommittee,https://www.myfloridahouse.gov/Sections/Committees/billvote.aspx?VoteId=48015&IsPCB=0&BillId=63087&SessionId=87,https://www.myfloridahouse.gov/Sections/Bills/billsdetail.aspx?BillId=63087&SessionId=87
HB203,House,Robinson,Committee Yes,-3,bad,Y,cmte vote,HB203Criminal Justice Subcommittee,Criminal Justice Subcommittee,https://www.myfloridahouse.gov/Sections/Committees/billvote.aspx?VoteId=48015&IsPCB=0&BillId=63087&SessionId=87,https://www.myfloridahouse.gov/Sections/Bills/billsdetail.aspx?BillId=63087&SessionId=87
HB203,House,Sabatini,Committee Yes,-3,bad,Y,cmte vote,HB203Criminal Justice Subcommittee,Criminal Justice Subcommittee,https://www.myfloridahouse.gov/Sections/Committees/billvote.aspx?VoteId=48015&IsPCB=0&BillId=63087&SessionId=87,https://www.myfloridahouse.gov/Sections/Bills/billsdetail.aspx?BillId=63087&SessionId=87
HB203,House,Santiago,Committee Yes,-3,bad,Y,cmte vote,HB203Criminal Justice Subcommittee,Criminal Justice Subcommittee,https://www.myfloridahouse.gov/Sections/Committees/billvote.aspx?VoteId=48015&IsPCB=0&BillId=63087&SessionId=87,https://www.myfloridahouse.gov/Sections/Bills/billsdetail.aspx?BillId=63087&SessionId=87
HB203,House,Webb,Committee Yes,-3,bad,Y,cmte vote,HB203Criminal Justice Subcommittee,Criminal Justice Subcommittee,https://www.myfloridahouse.gov/Sections/Committees/billvote.aspx?VoteId=48015&IsPCB=0&BillId=63087&SessionId=87,https://www.myfloridahouse.gov/Sections/Bills/billsdetail.aspx?BillId=63087&SessionId=87
HB203,House,Aloupis,Committee Yes,-3,bad,Y,cmte vote,"HB203Oversight, Transparency & Public Management Subcommittee","Oversight, Transparency & Public Management Subcommittee",https://www.myfloridahouse.gov/Sections/Committees/billvote.aspx?VoteId=48187&IsPCB=0&BillId=63087&SessionId=87,https://www.myfloridahouse.gov/Sections/Bills/billsdetail.aspx?BillId=63087&SessionId=87
HB203,House,Andrade,Committee Yes,0,bad,-,cmte vote,"HB203Oversight, Transparency & Public Management Subcommittee","Oversight, Transparency & Public Management Subcommittee",https://www.myfloridahouse.gov/Sections/Committees/billvote.aspx?VoteId=48187&IsPCB=0&BillId=63087&SessionId=87,https://www.myfloridahouse.gov/Sections/Bills/billsdetail.aspx?BillId=63087&SessionId=87
HB203,House,Daniels,Committee Yes,-3,bad,Y,cmte vote,"HB203Oversight, Transparency & Public Management Subcommittee","Oversight, Transparency & Public Management Subcommittee",https://www.myfloridahouse.gov/Sections/Committees/billvote.aspx?VoteId=48187&IsPCB=0&BillId=63087&SessionId=87,https://www.myfloridahouse.gov/Sections/Bills/billsdetail.aspx?BillId=63087&SessionId=87
HB203,House,DuBose,Committee Yes,-3,bad,Y,cmte vote,"HB203Oversight, Transparency & Public Management Subcommittee","Oversight, Transparency & Public Management Subcommittee",https://www.myfloridahouse.gov/Sections/Committees/billvote.aspx?VoteId=48187&IsPCB=0&BillId=63087&SessionId=87,https://www.myfloridahouse.gov/Sections/Bills/billsdetail.aspx?BillId=63087&SessionId=87
HB203,House,Eskamani,Committee Yes,-3,bad,Y,cmte vote,"HB203Oversight, Transparency & Public Management Subcommittee","Oversight, Transparency & Public Management Subcommittee",https://www.myfloridahouse.gov/Sections/Committees/billvote.aspx?VoteId=48187&IsPCB=0&BillId=63087&SessionId=87,https://www.myfloridahouse.gov/Sections/Bills/billsdetail.aspx?BillId=63087&SessionId=87
HB203,House,FernÃ¡ndez,Committee Yes,-3,bad,Y,cmte vote,"HB203Oversight, Transparency & Public Management Subcommittee","Oversight, Transparency & Public Management Subcommittee",https://www.myfloridahouse.gov/Sections/Committees/billvote.aspx?VoteId=48187&IsPCB=0&BillId=63087&SessionId=87,https://www.myfloridahouse.gov/Sections/Bills/billsdetail.aspx?BillId=63087&SessionId=87
HB203,House,Fischer,Committee Yes,-3,bad,Y,cmte vote,"HB203Oversight, Transparency & Public Management Subcommittee","Oversight, Transparency & Public Management Subcommittee",https://www.myfloridahouse.gov/Sections/Committees/billvote.aspx?VoteId=48187&IsPCB=0&BillId=63087&SessionId=87,https://www.myfloridahouse.gov/Sections/Bills/billsdetail.aspx?BillId=63087&SessionId=87
HB203,House,Good,Committee Yes,-3,bad,Y,cmte vote,"HB203Oversight, Transparency & Public Management Subcommittee","Oversight, Transparency & Public Management Subcommittee",https://www.myfloridahouse.gov/Sections/Committees/billvote.aspx?VoteId=48187&IsPCB=0&BillId=63087&SessionId=87,https://www.myfloridahouse.gov/Sections/Bills/billsdetail.aspx?BillId=63087&SessionId=87
HB203,House,Grall,Committee Yes,-3,bad,Y,cmte vote,"HB203Oversight, Transparency & Public Management Subcommittee","Oversight, Transparency & Public Management Subcommittee",https://www.myfloridahouse.gov/Sections/Committees/billvote.aspx?VoteId=48187&IsPCB=0&BillId=63087&SessionId=87,https://www.myfloridahouse.gov/Sections/Bills/billsdetail.aspx?BillId=63087&SessionId=87
HB203,House,"Grant, J.",Committee Yes,-3,bad,Y,cmte vote,"HB203Oversight, Transparency & Public Management Subcommittee","Oversight, Transparency & Public Management Subcommittee",https://www.myfloridahouse.gov/Sections/Committees/billvote.aspx?VoteId=48187&IsPCB=0&BillId=63087&SessionId=87,https://www.myfloridahouse.gov/Sections/Bills/billsdetail.aspx?BillId=63087&SessionId=87
HB203,House,LaMarca,Committee Yes,-3,bad,Y,cmte vote,"HB203Oversight, Transparency & Public Management Subcommittee","Oversight, Transparency & Public Management Subcommittee",https://www.myfloridahouse.gov/Sections/Committees/billvote.aspx?VoteId=48187&IsPCB=0&BillId=63087&SessionId=87,https://www.myfloridahouse.gov/Sections/Bills/billsdetail.aspx?BillId=63087&SessionId=87
HB203,House,Pigman,Committee Yes,-3,bad,Y,cmte vote,"HB203Oversight, Transparency & Public Management Subcommittee","Oversight, Transparency & Public Management Subcommittee",https://www.myfloridahouse.gov/Sections/Committees/billvote.aspx?VoteId=48187&IsPCB=0&BillId=63087&SessionId=87,https://www.myfloridahouse.gov/Sections/Bills/billsdetail.aspx?BillId=63087&SessionId=87
HB203,House,Plakon,Committee Yes,-3,bad,Y,cmte vote,"HB203Oversight, Transparency & Public Management Subcommittee","Oversight, Transparency & Public Management Subcommittee",https://www.myfloridahouse.gov/Sections/Committees/billvote.aspx?VoteId=48187&IsPCB=0&BillId=63087&SessionId=87,https://www.myfloridahouse.gov/Sections/Bills/billsdetail.aspx?BillId=63087&SessionId=87
HB203,House,Plasencia,Committee Yes,0,bad,-,cmte vote,"HB203Oversight, Transparency & Public Management Subcommittee","Oversight, Transparency & Public Management Subcommittee",https://www.myfloridahouse.gov/Sections/Committees/billvote.aspx?VoteId=48187&IsPCB=0&BillId=63087&SessionId=87,https://www.myfloridahouse.gov/Sections/Bills/billsdetail.aspx?BillId=63087&SessionId=87
HB203,House,Yarborough,Committee Yes,-3,bad,Y,cmte vote,"HB203Oversight, Transparency & Public Management Subcommittee","Oversight, Transparency & Public Management Subcommittee",https://www.myfloridahouse.gov/Sections/Committees/billvote.aspx?VoteId=48187&IsPCB=0&BillId=63087&SessionId=87,https://www.myfloridahouse.gov/Sections/Bills/billsdetail.aspx?BillId=63087&SessionId=87
HB203,House,Alexander,Committee Yes,-3,bad,Y,cmte vote,HB203Judiciary Committee,Judiciary Committee,https://www.myfloridahouse.gov/Sections/Committees/billvote.aspx?VoteId=49240&IsPCB=0&BillId=63087&SessionId=87,https://www.myfloridahouse.gov/Sections/Bills/billsdetail.aspx?BillId=63087&SessionId=87
HB203,House,Beltran,Committee Yes,-3,bad,Y,cmte vote,HB203Judiciary Committee,Judiciary Committee,https://www.myfloridahouse.gov/Sections/Committees/billvote.aspx?VoteId=49240&IsPCB=0&BillId=63087&SessionId=87,https://www.myfloridahouse.gov/Sections/Bills/billsdetail.aspx?BillId=63087&SessionId=87
HB203,House,Brannan,Committee Yes,-3,bad,Y,cmte vote,HB203Judiciary Committee,Judiciary Committee,https://www.myfloridahouse.gov/Sections/Committees/billvote.aspx?VoteId=49240&IsPCB=0&BillId=63087&SessionId=87,https://www.myfloridahouse.gov/Sections/Bills/billsdetail.aspx?BillId=63087&SessionId=87
HB203,House,Diamond,Committee Yes,-3,bad,Y,cmte vote,HB203Judiciary Committee,Judiciary Committee,https://www.myfloridahouse.gov/Sections/Committees/billvote.aspx?VoteId=49240&IsPCB=0&BillId=63087&SessionId=87,https://www.myfloridahouse.gov/Sections/Bills/billsdetail.aspx?BillId=63087&SessionId=87
HB203,House,Driskell,Committee Yes,-3,bad,Y,cmte vote,HB203Judiciary Committee,Judiciary Committee,https://www.myfloridahouse.gov/Sections/Committees/billvote.aspx?VoteId=49240&IsPCB=0&BillId=63087&SessionId=87,https://www.myfloridahouse.gov/Sections/Bills/billsdetail.aspx?BillId=63087&SessionId=87
HB203,House,Fernandez-Barquin,Committee Yes,-3,bad,Y,cmte vote,HB203Judiciary Committee,Judiciary Committee,https://www.myfloridahouse.gov/Sections/Committees/billvote.aspx?VoteId=49240&IsPCB=0&BillId=63087&SessionId=87,https://www.myfloridahouse.gov/Sections/Bills/billsdetail.aspx?BillId=63087&SessionId=87
HB203,House,Fitzenhagen,Committee Yes,-3,bad,Y,cmte vote,HB203Judiciary Committee,Judiciary Committee,https://www.myfloridahouse.gov/Sections/Committees/billvote.aspx?VoteId=49240&IsPCB=0&BillId=63087&SessionId=87,https://www.myfloridahouse.gov/Sections/Bills/billsdetail.aspx?BillId=63087&SessionId=87
HB203,House,Geller,Committee Yes,-3,bad,Y,cmte vote,HB203Judiciary Committee,Judiciary Committee,https://www.myfloridahouse.gov/Sections/Committees/billvote.aspx?VoteId=49240&IsPCB=0&BillId=63087&SessionId=87,https://www.myfloridahouse.gov/Sections/Bills/billsdetail.aspx?BillId=63087&SessionId=87
HB203,House,Gottlieb,Committee Yes,-3,bad,Y,cmte vote,HB203Judiciary Committee,Judiciary Committee,https://www.myfloridahouse.gov/Sections/Committees/billvote.aspx?VoteId=49240&IsPCB=0&BillId=63087&SessionId=87,https://www.myfloridahouse.gov/Sections/Bills/billsdetail.aspx?BillId=63087&SessionId=87
HB203,House,"Grant, J.",Committee Yes,0,bad,(Y),cmte vote,HB203Judiciary Committee,Judiciary Committee,https://www.myfloridahouse.gov/Sections/Committees/billvote.aspx?VoteId=49240&IsPCB=0&BillId=63087&SessionId=87,https://www.myfloridahouse.gov/Sections/Bills/billsdetail.aspx?BillId=63087&SessionId=87
HB203,House,Gregory,Committee Yes,-3,bad,Y,cmte vote,HB203Judiciary Committee,Judiciary Committee,https://www.myfloridahouse.gov/Sections/Committees/billvote.aspx?VoteId=49240&IsPCB=0&BillId=63087&SessionId=87,https://www.myfloridahouse.gov/Sections/Bills/billsdetail.aspx?BillId=63087&SessionId=87
HB203,House,Hill,Committee Yes,-3,bad,Y,cmte vote,HB203Judiciary Committee,Judiciary Committee,https://www.myfloridahouse.gov/Sections/Committees/billvote.aspx?VoteId=49240&IsPCB=0&BillId=63087&SessionId=87,https://www.myfloridahouse.gov/Sections/Bills/billsdetail.aspx?BillId=63087&SessionId=87
HB203,House,Killebrew,Committee Yes,-3,bad,Y,cmte vote,HB203Judiciary Committee,Judiciary Committee,https://www.myfloridahouse.gov/Sections/Committees/billvote.aspx?VoteId=49240&IsPCB=0&BillId=63087&SessionId=87,https://www.myfloridahouse.gov/Sections/Bills/billsdetail.aspx?BillId=63087&SessionId=87
HB203,House,LaMarca,Committee Yes,-3,bad,Y,cmte vote,HB203Judiciary Committee,Judiciary Committee,https://www.myfloridahouse.gov/Sections/Committees/billvote.aspx?VoteId=49240&IsPCB=0&BillId=63087&SessionId=87,https://www.myfloridahouse.gov/Sections/Bills/billsdetail.aspx?BillId=63087&SessionId=87
HB203,House,Mercado,Committee Yes,-3,bad,Y,cmte vote,HB203Judiciary Committee,Judiciary Committee,https://www.myfloridahouse.gov/Sections/Committees/billvote.aspx?VoteId=49240&IsPCB=0&BillId=63087&SessionId=87,https://www.myfloridahouse.gov/Sections/Bills/billsdetail.aspx?BillId=63087&SessionId=87
HB203,House,Renner,Committee Yes,-3,bad,Y,cmte vote,HB203Judiciary Committee,Judiciary Committee,https://www.myfloridahouse.gov/Sections/Committees/billvote.aspx?VoteId=49240&IsPCB=0&BillId=63087&SessionId=87,https://www.myfloridahouse.gov/Sections/Bills/billsdetail.aspx?BillId=63087&SessionId=87
HB203,House,Rommel,Committee Yes,-3,bad,Y,cmte vote,HB203Judiciary Committee,Judiciary Committee,https://www.myfloridahouse.gov/Sections/Committees/billvote.aspx?VoteId=49240&IsPCB=0&BillId=63087&SessionId=87,https://www.myfloridahouse.gov/Sections/Bills/billsdetail.aspx?BillId=63087&SessionId=87
HB203,House,Sirois,Committee Yes,-3,bad,Y,cmte vote,HB203Judiciary Committee,Judiciary Committee,https://www.myfloridahouse.gov/Sections/Committees/billvote.aspx?VoteId=49240&IsPCB=0&BillId=63087&SessionId=87,https://www.myfloridahouse.gov/Sections/Bills/billsdetail.aspx?BillId=63087&SessionId=87
HB1249,House,Ausley,Committee Yes,-3,bad,Y,cmte vote,"HB1249Children, Families & Seniors Subcommittee","Children, Families & Seniors Subcommittee",https://www.myfloridahouse.gov/Sections/Committees/billvote.aspx?VoteId=49925&IsPCB=0&BillId=66100&SessionId=87,https://www.myfloridahouse.gov/Sections/Bills/billsdetail.aspx?BillId=66100&SessionId=87
HB1249,House,Brannan,Committee Yes,-3,bad,Y,cmte vote,"HB1249Children, Families & Seniors Subcommittee","Children, Families & Seniors Subcommittee",https://www.myfloridahouse.gov/Sections/Committees/billvote.aspx?VoteId=49925&IsPCB=0&BillId=66100&SessionId=87,https://www.myfloridahouse.gov/Sections/Bills/billsdetail.aspx?BillId=66100&SessionId=87
HB1249,House,Clemons,Committee Yes,0,bad,-,cmte vote,"HB1249Children, Families & Seniors Subcommittee","Children, Families & Seniors Subcommittee",https://www.myfloridahouse.gov/Sections/Committees/billvote.aspx?VoteId=49925&IsPCB=0&BillId=66100&SessionId=87,https://www.myfloridahouse.gov/Sections/Bills/billsdetail.aspx?BillId=66100&SessionId=87
HB1249,House,"Cortes, J.",Committee Yes,-3,bad,Y,cmte vote,"HB1249Children, Families & Seniors Subcommittee","Children, Families & Seniors Subcommittee",https://www.myfloridahouse.gov/Sections/Committees/billvote.aspx?VoteId=49925&IsPCB=0&BillId=66100&SessionId=87,https://www.myfloridahouse.gov/Sections/Bills/billsdetail.aspx?BillId=66100&SessionId=87
HB1249,House,Duggan,Committee Yes,-3,bad,Y,cmte vote,"HB1249Children, Families & Seniors Subcommittee","Children, Families & Seniors Subcommittee",https://www.myfloridahouse.gov/Sections/Committees/billvote.aspx?VoteId=49925&IsPCB=0&BillId=66100&SessionId=87,https://www.myfloridahouse.gov/Sections/Bills/billsdetail.aspx?BillId=66100&SessionId=87
HB1249,House,Fernandez-Barquin,Committee Yes,0,bad,-,cmte vote,"HB1249Children, Families & Seniors Subcommittee","Children, Families & Seniors Subcommittee",https://www.myfloridahouse.gov/Sections/Committees/billvote.aspx?VoteId=49925&IsPCB=0&BillId=66100&SessionId=87,https://www.myfloridahouse.gov/Sections/Bills/billsdetail.aspx?BillId=66100&SessionId=87
HB1249,House,Fetterhoff,Committee Yes,-3,bad,Y,cmte vote,"HB1249Children, Families & Seniors Subcommittee","Children, Families & Seniors Subcommittee",https://www.myfloridahouse.gov/Sections/Committees/billvote.aspx?VoteId=49925&IsPCB=0&BillId=66100&SessionId=87,https://www.myfloridahouse.gov/Sections/Bills/billsdetail.aspx?BillId=66100&SessionId=87
HB1249,House,Newton,Committee Yes,0,bad,-,cmte vote,"HB1249Children, Families & Seniors Subcommittee","Children, Families & Seniors Subcommittee",https://www.myfloridahouse.gov/Sections/Committees/billvote.aspx?VoteId=49925&IsPCB=0&BillId=66100&SessionId=87,https://www.myfloridahouse.gov/Sections/Bills/billsdetail.aspx?BillId=66100&SessionId=87
HB1249,House,Polo,Committee Yes,-3,bad,Y,cmte vote,"HB1249Children, Families & Seniors Subcommittee","Children, Families & Seniors Subcommittee",https://www.myfloridahouse.gov/Sections/Committees/billvote.aspx?VoteId=49925&IsPCB=0&BillId=66100&SessionId=87,https://www.myfloridahouse.gov/Sections/Bills/billsdetail.aspx?BillId=66100&SessionId=87
HB1249,House,Polsky,Committee Yes,0,bad,-,cmte vote,"HB1249Children, Families & Seniors Subcommittee","Children, Families & Seniors Subcommittee",https://www.myfloridahouse.gov/Sections/Committees/billvote.aspx?VoteId=49925&IsPCB=0&BillId=66100&SessionId=87,https://www.myfloridahouse.gov/Sections/Bills/billsdetail.aspx?BillId=66100&SessionId=87
HB1249,House,Ponder,Committee Yes,-3,bad,Y,cmte vote,"HB1249Children, Families & Seniors Subcommittee","Children, Families & Seniors Subcommittee",https://www.myfloridahouse.gov/Sections/Committees/billvote.aspx?VoteId=49925&IsPCB=0&BillId=66100&SessionId=87,https://www.myfloridahouse.gov/Sections/Bills/billsdetail.aspx?BillId=66100&SessionId=87
HB1249,House,Roach,Committee Yes,-3,bad,Y,cmte vote,"HB1249Children, Families & Seniors Subcommittee","Children, Families & Seniors Subcommittee",https://www.myfloridahouse.gov/Sections/Committees/billvote.aspx?VoteId=49925&IsPCB=0&BillId=66100&SessionId=87,https://www.myfloridahouse.gov/Sections/Bills/billsdetail.aspx?BillId=66100&SessionId=87
HB1249,House,Roth,Committee Yes,-3,bad,Y,cmte vote,"HB1249Children, Families & Seniors Subcommittee","Children, Families & Seniors Subcommittee",https://www.myfloridahouse.gov/Sections/Committees/billvote.aspx?VoteId=49925&IsPCB=0&BillId=66100&SessionId=87,https://www.myfloridahouse.gov/Sections/Bills/billsdetail.aspx?BillId=66100&SessionId=87
HB1249,House,"Smith, D.",Committee Yes,-3,bad,Y,cmte vote,"HB1249Children, Families & Seniors Subcommittee","Children, Families & Seniors Subcommittee",https://www.myfloridahouse.gov/Sections/Committees/billvote.aspx?VoteId=49925&IsPCB=0&BillId=66100&SessionId=87,https://www.myfloridahouse.gov/Sections/Bills/billsdetail.aspx?BillId=66100&SessionId=87
HB1249,House,Stevenson,Committee Yes,0,bad,-,cmte vote,"HB1249Children, Families & Seniors Subcommittee","Children, Families & Seniors Subcommittee",https://www.myfloridahouse.gov/Sections/Committees/billvote.aspx?VoteId=49925&IsPCB=0&BillId=66100&SessionId=87,https://www.myfloridahouse.gov/Sections/Bills/billsdetail.aspx?BillId=66100&SessionId=87
HB1249,House,Aloupis,Committee Yes,-3,bad,Y,cmte vote,"HB1249Oversight, Transparency & Public Management Subcommittee","Oversight, Transparency & Public Management Subcommittee",https://www.myfloridahouse.gov/Sections/Committees/billvote.aspx?VoteId=50675&IsPCB=0&BillId=66100&SessionId=87,https://www.myfloridahouse.gov/Sections/Bills/billsdetail.aspx?BillId=66100&SessionId=87
HB1249,House,Andrade,Committee Yes,-3,bad,Y,cmte vote,"HB1249Oversight, Transparency & Public Management Subcommittee","Oversight, Transparency & Public Management Subcommittee",https://www.myfloridahouse.gov/Sections/Committees/billvote.aspx?VoteId=50675&IsPCB=0&BillId=66100&SessionId=87,https://www.myfloridahouse.gov/Sections/Bills/billsdetail.aspx?BillId=66100&SessionId=87
HB1249,House,Daniels,Committee Yes,-3,bad,Y,cmte vote,"HB1249Oversight, Transparency & Public Management Subcommittee","Oversight, Transparency & Public Management Subcommittee",https://www.myfloridahouse.gov/Sections/Committees/billvote.aspx?VoteId=50675&IsPCB=0&BillId=66100&SessionId=87,https://www.myfloridahouse.gov/Sections/Bills/billsdetail.aspx?BillId=66100&SessionId=87
HB1249,House,DuBose,Committee Yes,0,bad,-,cmte vote,"HB1249Oversight, Transparency & Public Management Subcommittee","Oversight, Transparency & Public Management Subcommittee",https://www.myfloridahouse.gov/Sections/Committees/billvote.aspx?VoteId=50675&IsPCB=0&BillId=66100&SessionId=87,https://www.myfloridahouse.gov/Sections/Bills/billsdetail.aspx?BillId=66100&SessionId=87
HB1249,House,Eskamani,Committee Yes,-3,bad,Y,cmte vote,"HB1249Oversight, Transparency & Public Management Subcommittee","Oversight, Transparency & Public Management Subcommittee",https://www.myfloridahouse.gov/Sections/Committees/billvote.aspx?VoteId=50675&IsPCB=0&BillId=66100&SessionId=87,https://www.myfloridahouse.gov/Sections/Bills/billsdetail.aspx?BillId=66100&SessionId=87
HB1249,House,FernÃ¡ndez,Committee Yes,-3,bad,Y,cmte vote,"HB1249Oversight, Transparency & Public Management Subcommittee","Oversight, Transparency & Public Management Subcommittee",https://www.myfloridahouse.gov/Sections/Committees/billvote.aspx?VoteId=50675&IsPCB=0&BillId=66100&SessionId=87,https://www.myfloridahouse.gov/Sections/Bills/billsdetail.aspx?BillId=66100&SessionId=87
HB1249,House,Fischer,Committee Yes,-3,bad,Y,cmte vote,"HB1249Oversight, Transparency & Public Management Subcommittee","Oversight, Transparency & Public Management Subcommittee",https://www.myfloridahouse.gov/Sections/Committees/billvote.aspx?VoteId=50675&IsPCB=0&BillId=66100&SessionId=87,https://www.myfloridahouse.gov/Sections/Bills/billsdetail.aspx?BillId=66100&SessionId=87
HB1249,House,Good,Committee Yes,-3,bad,Y,cmte vote,"HB1249Oversight, Transparency & Public Management Subcommittee","Oversight, Transparency & Public Management Subcommittee",https://www.myfloridahouse.gov/Sections/Committees/billvote.aspx?VoteId=50675&IsPCB=0&BillId=66100&SessionId=87,https://www.myfloridahouse.gov/Sections/Bills/billsdetail.aspx?BillId=66100&SessionId=87
HB1249,House,Grall,Committee Yes,-3,bad,Y,cmte vote,"HB1249Oversight, Transparency & Public Management Subcommittee","Oversight, Transparency & Public Management Subcommittee",https://www.myfloridahouse.gov/Sections/Committees/billvote.aspx?VoteId=50675&IsPCB=0&BillId=66100&SessionId=87,https://www.myfloridahouse.gov/Sections/Bills/billsdetail.aspx?BillId=66100&SessionId=87
HB1249,House,"Grant, J.",Committee Yes,-3,bad,Y,cmte vote,"HB1249Oversight, Transparency & Public Management Subcommittee","Oversight, Transparency & Public Management Subcommittee",https://www.myfloridahouse.gov/Sections/Committees/billvote.aspx?VoteId=50675&IsPCB=0&BillId=66100&SessionId=87,https://www.myfloridahouse.gov/Sections/Bills/billsdetail.aspx?BillId=66100&SessionId=87
HB1249,House,LaMarca,Committee Yes,-3,bad,Y,cmte vote,"HB1249Oversight, Transparency & Public Management Subcommittee","Oversight, Transparency & Public Management Subcommittee",https://www.myfloridahouse.gov/Sections/Committees/billvote.aspx?VoteId=50675&IsPCB=0&BillId=66100&SessionId=87,https://www.myfloridahouse.gov/Sections/Bills/billsdetail.aspx?BillId=66100&SessionId=87
HB1249,House,Pigman,Committee Yes,-3,bad,Y,cmte vote,"HB1249Oversight, Transparency & Public Management Subcommittee","Oversight, Transparency & Public Management Subcommittee",https://www.myfloridahouse.gov/Sections/Committees/billvote.aspx?VoteId=50675&IsPCB=0&BillId=66100&SessionId=87,https://www.myfloridahouse.gov/Sections/Bills/billsdetail.aspx?BillId=66100&SessionId=87
HB1249,House,Plakon,Committee Yes,-3,bad,Y,cmte vote,"HB1249Oversight, Transparency & Public Management Subcommittee","Oversight, Transparency & Public Management Subcommittee",https://www.myfloridahouse.gov/Sections/Committees/billvote.aspx?VoteId=50675&IsPCB=0&BillId=66100&SessionId=87,https://www.myfloridahouse.gov/Sections/Bills/billsdetail.aspx?BillId=66100&SessionId=87
HB1249,House,Plasencia,Committee Yes,-3,bad,Y,cmte vote,"HB1249Oversight, Transparency & Public Management Subcommittee","Oversight, Transparency & Public Management Subcommittee",https://www.myfloridahouse.gov/Sections/Committees/billvote.aspx?VoteId=50675&IsPCB=0&BillId=66100&SessionId=87,https://www.myfloridahouse.gov/Sections/Bills/billsdetail.aspx?BillId=66100&SessionId=87
HB1249,House,Yarborough,Committee Yes,0,bad,-,cmte vote,"HB1249Oversight, Transparency & Public Management Subcommittee","Oversight, Transparency & Public Management Subcommittee",https://www.myfloridahouse.gov/Sections/Committees/billvote.aspx?VoteId=50675&IsPCB=0&BillId=66100&SessionId=87,https://www.myfloridahouse.gov/Sections/Bills/billsdetail.aspx?BillId=66100&SessionId=87
HB1249,House,Brown,Committee Yes,-3,bad,Y,cmte vote,HB1249Health & Human Services Committee,Health & Human Services Committee,https://www.myfloridahouse.gov/Sections/Committees/billvote.aspx?VoteId=52190&IsPCB=0&BillId=66100&SessionId=87,https://www.myfloridahouse.gov/Sections/Bills/billsdetail.aspx?BillId=66100&SessionId=87
HB1249,House,Burton,Committee Yes,-3,bad,Y,cmte vote,HB1249Health & Human Services Committee,Health & Human Services Committee,https://www.myfloridahouse.gov/Sections/Committees/billvote.aspx?VoteId=52190&IsPCB=0&BillId=66100&SessionId=87,https://www.myfloridahouse.gov/Sections/Bills/billsdetail.aspx?BillId=66100&SessionId=87
HB1249,House,"Cortes, J.",Committee Yes,-3,bad,Y,cmte vote,HB1249Health & Human Services Committee,Health & Human Services Committee,https://www.myfloridahouse.gov/Sections/Committees/billvote.aspx?VoteId=52190&IsPCB=0&BillId=66100&SessionId=87,https://www.myfloridahouse.gov/Sections/Bills/billsdetail.aspx?BillId=66100&SessionId=87
HB1249,House,DiCeglie,Committee Yes,-3,bad,Y,cmte vote,HB1249Health & Human Services Committee,Health & Human Services Committee,https://www.myfloridahouse.gov/Sections/Committees/billvote.aspx?VoteId=52190&IsPCB=0&BillId=66100&SessionId=87,https://www.myfloridahouse.gov/Sections/Bills/billsdetail.aspx?BillId=66100&SessionId=87
HB1249,House,Duran,Committee Yes,-3,bad,Y,cmte vote,HB1249Health & Human Services Committee,Health & Human Services Committee,https://www.myfloridahouse.gov/Sections/Committees/billvote.aspx?VoteId=52190&IsPCB=0&BillId=66100&SessionId=87,https://www.myfloridahouse.gov/Sections/Bills/billsdetail.aspx?BillId=66100&SessionId=87
HB1249,House,Goff-Marcil,Committee Yes,-3,bad,Y,cmte vote,HB1249Health & Human Services Committee,Health & Human Services Committee,https://www.myfloridahouse.gov/Sections/Committees/billvote.aspx?VoteId=52190&IsPCB=0&BillId=66100&SessionId=87,https://www.myfloridahouse.gov/Sections/Bills/billsdetail.aspx?BillId=66100&SessionId=87
HB1249,House,"Grant, M.",Committee Yes,-3,bad,Y,cmte vote,HB1249Health & Human Services Committee,Health & Human Services Committee,https://www.myfloridahouse.gov/Sections/Committees/billvote.aspx?VoteId=52190&IsPCB=0&BillId=66100&SessionId=87,https://www.myfloridahouse.gov/Sections/Bills/billsdetail.aspx?BillId=66100&SessionId=87
HB1249,House,Jones,Committee Yes,-3,bad,Y,cmte vote,HB1249Health & Human Services Committee,Health & Human Services Committee,https://www.myfloridahouse.gov/Sections/Committees/billvote.aspx?VoteId=52190&IsPCB=0&BillId=66100&SessionId=87,https://www.myfloridahouse.gov/Sections/Bills/billsdetail.aspx?BillId=66100&SessionId=87
HB1249,House,Leek,Committee Yes,-3,bad,Y,cmte vote,HB1249Health & Human Services Committee,Health & Human Services Committee,https://www.myfloridahouse.gov/Sections/Committees/billvote.aspx?VoteId=52190&IsPCB=0&BillId=66100&SessionId=87,https://www.myfloridahouse.gov/Sections/Bills/billsdetail.aspx?BillId=66100&SessionId=87
HB1249,House,Magar,Committee Yes,-3,bad,Y,cmte vote,HB1249Health & Human Services Committee,Health & Human Services Committee,https://www.myfloridahouse.gov/Sections/Committees/billvote.aspx?VoteId=52190&IsPCB=0&BillId=66100&SessionId=87,https://www.myfloridahouse.gov/Sections/Bills/billsdetail.aspx?BillId=66100&SessionId=87
HB1249,House,Pigman,Committee Yes,-3,bad,Y,cmte vote,HB1249Health & Human Services Committee,Health & Human Services Committee,https://www.myfloridahouse.gov/Sections/Committees/billvote.aspx?VoteId=52190&IsPCB=0&BillId=66100&SessionId=87,https://www.myfloridahouse.gov/Sections/Bills/billsdetail.aspx?BillId=66100&SessionId=87
HB1249,House,Plakon,Committee Yes,-3,bad,Y,cmte vote,HB1249Health & Human Services Committee,Health & Human Services Committee,https://www.myfloridahouse.gov/Sections/Committees/billvote.aspx?VoteId=52190&IsPCB=0&BillId=66100&SessionId=87,https://www.myfloridahouse.gov/Sections/Bills/billsdetail.aspx?BillId=66100&SessionId=87
HB1249,House,Ponder,Committee Yes,-3,bad,Y,cmte vote,HB1249Health & Human Services Committee,Health & Human Services Committee,https://www.myfloridahouse.gov/Sections/Committees/billvote.aspx?VoteId=52190&IsPCB=0&BillId=66100&SessionId=87,https://www.myfloridahouse.gov/Sections/Bills/billsdetail.aspx?BillId=66100&SessionId=87
HB1249,House,Roach,Committee Yes,-3,bad,Y,cmte vote,HB1249Health & Human Services Committee,Health & Human Services Committee,https://www.myfloridahouse.gov/Sections/Committees/billvote.aspx?VoteId=52190&IsPCB=0&BillId=66100&SessionId=87,https://www.myfloridahouse.gov/Sections/Bills/billsdetail.aspx?BillId=66100&SessionId=87
HB1249,House,"Rodrigues, R.",Committee Yes,-3,bad,Y,cmte vote,HB1249Health & Human Services Committee,Health & Human Services Committee,https://www.myfloridahouse.gov/Sections/Committees/billvote.aspx?VoteId=52190&IsPCB=0&BillId=66100&SessionId=87,https://www.myfloridahouse.gov/Sections/Bills/billsdetail.aspx?BillId=66100&SessionId=87
HB1249,House,Slosberg,Committee Yes,0,bad,-,cmte vote,HB1249Health & Human Services Committee,Health & Human Services Committee,https://www.myfloridahouse.gov/Sections/Committees/billvote.aspx?VoteId=52190&IsPCB=0&BillId=66100&SessionId=87,https://www.myfloridahouse.gov/Sections/Bills/billsdetail.aspx?BillId=66100&SessionId=87
HB1249,House,Stevenson,Committee Yes,-3,bad,Y,cmte vote,HB1249Health & Human Services Committee,Health & Human Services Committee,https://www.myfloridahouse.gov/Sections/Committees/billvote.aspx?VoteId=52190&IsPCB=0&BillId=66100&SessionId=87,https://www.myfloridahouse.gov/Sections/Bills/billsdetail.aspx?BillId=66100&SessionId=87
HB1249,House,Yarborough,Committee Yes,-3,bad,Y,cmte vote,HB1249Health & Human Services Committee,Health & Human Services Committee,https://www.myfloridahouse.gov/Sections/Committees/billvote.aspx?VoteId=52190&IsPCB=0&BillId=66100&SessionId=87,https://www.myfloridahouse.gov/Sections/Bills/billsdetail.aspx?BillId=66100&SessionId=87
HB407,House,Aloupis,Committee Yes,3,good,Y,cmte vote,"HB407Oversight, Transparency & Public Management Subcommittee","Oversight, Transparency & Public Management Subcommittee",https://www.myfloridahouse.gov/Sections/Committees/billvote.aspx?VoteId=49909&IsPCB=0&BillId=63303&SessionId=87,https://www.myfloridahouse.gov/Sections/Bills/billsdetail.aspx?BillId=63303&SessionId=87
HB407,House,Andrade,Committee Yes,0,good,-,cmte vote,"HB407Oversight, Transparency & Public Management Subcommittee","Oversight, Transparency & Public Management Subcommittee",https://www.myfloridahouse.gov/Sections/Committees/billvote.aspx?VoteId=49909&IsPCB=0&BillId=63303&SessionId=87,https://www.myfloridahouse.gov/Sections/Bills/billsdetail.aspx?BillId=63303&SessionId=87
HB407,House,Daniels,Committee Yes,3,good,Y,cmte vote,"HB407Oversight, Transparency & Public Management Subcommittee","Oversight, Transparency & Public Management Subcommittee",https://www.myfloridahouse.gov/Sections/Committees/billvote.aspx?VoteId=49909&IsPCB=0&BillId=63303&SessionId=87,https://www.myfloridahouse.gov/Sections/Bills/billsdetail.aspx?BillId=63303&SessionId=87
HB407,House,DuBose,Committee No,-3,good,N,cmte vote,"HB407Oversight, Transparency & Public Management Subcommittee","Oversight, Transparency & Public Management Subcommittee",https://www.myfloridahouse.gov/Sections/Committees/billvote.aspx?VoteId=49909&IsPCB=0&BillId=63303&SessionId=87,https://www.myfloridahouse.gov/Sections/Bills/billsdetail.aspx?BillId=63303&SessionId=87
HB407,House,Eskamani,Committee No,-3,good,N,cmte vote,"HB407Oversight, Transparency & Public Management Subcommittee","Oversight, Transparency & Public Management Subcommittee",https://www.myfloridahouse.gov/Sections/Committees/billvote.aspx?VoteId=49909&IsPCB=0&BillId=63303&SessionId=87,https://www.myfloridahouse.gov/Sections/Bills/billsdetail.aspx?BillId=63303&SessionId=87
HB407,House,FernÃ¡ndez,Committee No,-3,good,N,cmte vote,"HB407Oversight, Transparency & Public Management Subcommittee","Oversight, Transparency & Public Management Subcommittee",https://www.myfloridahouse.gov/Sections/Committees/billvote.aspx?VoteId=49909&IsPCB=0&BillId=63303&SessionId=87,https://www.myfloridahouse.gov/Sections/Bills/billsdetail.aspx?BillId=63303&SessionId=87
HB407,House,Fischer,Committee Yes,3,good,Y,cmte vote,"HB407Oversight, Transparency & Public Management Subcommittee","Oversight, Transparency & Public Management Subcommittee",https://www.myfloridahouse.gov/Sections/Committees/billvote.aspx?VoteId=49909&IsPCB=0&BillId=63303&SessionId=87,https://www.myfloridahouse.gov/Sections/Bills/billsdetail.aspx?BillId=63303&SessionId=87
HB407,House,Good,Committee No,-3,good,N,cmte vote,"HB407Oversight, Transparency & Public Management Subcommittee","Oversight, Transparency & Public Management Subcommittee",https://www.myfloridahouse.gov/Sections/Committees/billvote.aspx?VoteId=49909&IsPCB=0&BillId=63303&SessionId=87,https://www.myfloridahouse.gov/Sections/Bills/billsdetail.aspx?BillId=63303&SessionId=87
HB407,House,Grall,Committee Yes,3,good,Y,cmte vote,"HB407Oversight, Transparency & Public Management Subcommittee","Oversight, Transparency & Public Management Subcommittee",https://www.myfloridahouse.gov/Sections/Committees/billvote.aspx?VoteId=49909&IsPCB=0&BillId=63303&SessionId=87,https://www.myfloridahouse.gov/Sections/Bills/billsdetail.aspx?BillId=63303&SessionId=87
HB407,House,"Grant, J.",Committee Yes,0,good,-,cmte vote,"HB407Oversight, Transparency & Public Management Subcommittee","Oversight, Transparency & Public Management Subcommittee",https://www.myfloridahouse.gov/Sections/Committees/billvote.aspx?VoteId=49909&IsPCB=0&BillId=63303&SessionId=87,https://www.myfloridahouse.gov/Sections/Bills/billsdetail.aspx?BillId=63303&SessionId=87
HB407,House,LaMarca,Committee Yes,3,good,Y,cmte vote,"HB407Oversight, Transparency & Public Management Subcommittee","Oversight, Transparency & Public Management Subcommittee",https://www.myfloridahouse.gov/Sections/Committees/billvote.aspx?VoteId=49909&IsPCB=0&BillId=63303&SessionId=87,https://www.myfloridahouse.gov/Sections/Bills/billsdetail.aspx?BillId=63303&SessionId=87
HB407,House,Pigman,Committee Yes,0,good,-,cmte vote,"HB407Oversight, Transparency & Public Management Subcommittee","Oversight, Transparency & Public Management Subcommittee",https://www.myfloridahouse.gov/Sections/Committees/billvote.aspx?VoteId=49909&IsPCB=0&BillId=63303&SessionId=87,https://www.myfloridahouse.gov/Sections/Bills/billsdetail.aspx?BillId=63303&SessionId=87
HB407,House,Plakon,Committee Yes,3,good,Y,cmte vote,"HB407Oversight, Transparency & Public Management Subcommittee","Oversight, Transparency & Public Management Subcommittee",https://www.myfloridahouse.gov/Sections/Committees/billvote.aspx?VoteId=49909&IsPCB=0&BillId=63303&SessionId=87,https://www.myfloridahouse.gov/Sections/Bills/billsdetail.aspx?BillId=63303&SessionId=87
HB407,House,Plasencia,Committee Yes,0,good,-,cmte vote,"HB407Oversight, Transparency & Public Management Subcommittee","Oversight, Transparency & Public Management Subcommittee",https://www.myfloridahouse.gov/Sections/Committees/billvote.aspx?VoteId=49909&IsPCB=0&BillId=63303&SessionId=87,https://www.myfloridahouse.gov/Sections/Bills/billsdetail.aspx?BillId=63303&SessionId=87
HB407,House,Yarborough,Committee Yes,3,good,Y,cmte vote,"HB407Oversight, Transparency & Public Management Subcommittee","Oversight, Transparency & Public Management Subcommittee",https://www.myfloridahouse.gov/Sections/Committees/billvote.aspx?VoteId=49909&IsPCB=0&BillId=63303&SessionId=87,https://www.myfloridahouse.gov/Sections/Bills/billsdetail.aspx?BillId=63303&SessionId=87
HB407,House,Antone,Committee Yes,3,good,Y,cmte vote,HB407Civil Justice Subcommittee,Civil Justice Subcommittee,https://www.myfloridahouse.gov/Sections/Committees/billvote.aspx?VoteId=50556&IsPCB=0&BillId=63303&SessionId=87,https://www.myfloridahouse.gov/Sections/Bills/billsdetail.aspx?BillId=63303&SessionId=87
HB407,House,Bell,Committee Yes,3,good,Y,cmte vote,HB407Civil Justice Subcommittee,Civil Justice Subcommittee,https://www.myfloridahouse.gov/Sections/Committees/billvote.aspx?VoteId=50556&IsPCB=0&BillId=63303&SessionId=87,https://www.myfloridahouse.gov/Sections/Bills/billsdetail.aspx?BillId=63303&SessionId=87
HB407,House,Beltran,Committee Yes,3,good,Y,cmte vote,HB407Civil Justice Subcommittee,Civil Justice Subcommittee,https://www.myfloridahouse.gov/Sections/Committees/billvote.aspx?VoteId=50556&IsPCB=0&BillId=63303&SessionId=87,https://www.myfloridahouse.gov/Sections/Bills/billsdetail.aspx?BillId=63303&SessionId=87
HB407,House,Diamond,Committee Yes,3,good,Y,cmte vote,HB407Civil Justice Subcommittee,Civil Justice Subcommittee,https://www.myfloridahouse.gov/Sections/Committees/billvote.aspx?VoteId=50556&IsPCB=0&BillId=63303&SessionId=87,https://www.myfloridahouse.gov/Sections/Bills/billsdetail.aspx?BillId=63303&SessionId=87
HB407,House,DiCeglie,Committee Yes,3,good,Y,cmte vote,HB407Civil Justice Subcommittee,Civil Justice Subcommittee,https://www.myfloridahouse.gov/Sections/Committees/billvote.aspx?VoteId=50556&IsPCB=0&BillId=63303&SessionId=87,https://www.myfloridahouse.gov/Sections/Bills/billsdetail.aspx?BillId=63303&SessionId=87
HB407,House,Gregory,Committee Yes,3,good,Y,cmte vote,HB407Civil Justice Subcommittee,Civil Justice Subcommittee,https://www.myfloridahouse.gov/Sections/Committees/billvote.aspx?VoteId=50556&IsPCB=0&BillId=63303&SessionId=87,https://www.myfloridahouse.gov/Sections/Bills/billsdetail.aspx?BillId=63303&SessionId=87
HB407,House,Hill,Committee Yes,3,good,Y,cmte vote,HB407Civil Justice Subcommittee,Civil Justice Subcommittee,https://www.myfloridahouse.gov/Sections/Committees/billvote.aspx?VoteId=50556&IsPCB=0&BillId=63303&SessionId=87,https://www.myfloridahouse.gov/Sections/Bills/billsdetail.aspx?BillId=63303&SessionId=87
HB407,House,Mercado,Committee Yes,0,good,-,cmte vote,HB407Civil Justice Subcommittee,Civil Justice Subcommittee,https://www.myfloridahouse.gov/Sections/Committees/billvote.aspx?VoteId=50556&IsPCB=0&BillId=63303&SessionId=87,https://www.myfloridahouse.gov/Sections/Bills/billsdetail.aspx?BillId=63303&SessionId=87
HB407,House,Omphroy,Committee Yes,3,good,Y,cmte vote,HB407Civil Justice Subcommittee,Civil Justice Subcommittee,https://www.myfloridahouse.gov/Sections/Committees/billvote.aspx?VoteId=50556&IsPCB=0&BillId=63303&SessionId=87,https://www.myfloridahouse.gov/Sections/Bills/billsdetail.aspx?BillId=63303&SessionId=87
HB407,House,Payne,Committee Yes,3,good,Y,cmte vote,HB407Civil Justice Subcommittee,Civil Justice Subcommittee,https://www.myfloridahouse.gov/Sections/Committees/billvote.aspx?VoteId=50556&IsPCB=0&BillId=63303&SessionId=87,https://www.myfloridahouse.gov/Sections/Bills/billsdetail.aspx?BillId=63303&SessionId=87
HB407,House,"Rodriguez, A. M.",Committee Yes,3,good,Y,cmte vote,HB407Civil Justice Subcommittee,Civil Justice Subcommittee,https://www.myfloridahouse.gov/Sections/Committees/billvote.aspx?VoteId=50556&IsPCB=0&BillId=63303&SessionId=87,https://www.myfloridahouse.gov/Sections/Bills/billsdetail.aspx?BillId=63303&SessionId=87
HB407,House,Rommel,Committee Yes,3,good,Y,cmte vote,HB407Civil Justice Subcommittee,Civil Justice Subcommittee,https://www.myfloridahouse.gov/Sections/Committees/billvote.aspx?VoteId=50556&IsPCB=0&BillId=63303&SessionId=87,https://www.myfloridahouse.gov/Sections/Bills/billsdetail.aspx?BillId=63303&SessionId=87
HB407,House,Stone,Committee Yes,3,good,Y,cmte vote,HB407Civil Justice Subcommittee,Civil Justice Subcommittee,https://www.myfloridahouse.gov/Sections/Committees/billvote.aspx?VoteId=50556&IsPCB=0&BillId=63303&SessionId=87,https://www.myfloridahouse.gov/Sections/Bills/billsdetail.aspx?BillId=63303&SessionId=87
HB407,House,Thompson,Committee Yes,0,good,-,cmte vote,HB407Civil Justice Subcommittee,Civil Justice Subcommittee,https://www.myfloridahouse.gov/Sections/Committees/billvote.aspx?VoteId=50556&IsPCB=0&BillId=63303&SessionId=87,https://www.myfloridahouse.gov/Sections/Bills/billsdetail.aspx?BillId=63303&SessionId=87
HB407,House,Toledo,Committee Yes,3,good,Y,cmte vote,HB407Civil Justice Subcommittee,Civil Justice Subcommittee,https://www.myfloridahouse.gov/Sections/Committees/billvote.aspx?VoteId=50556&IsPCB=0&BillId=63303&SessionId=87,https://www.myfloridahouse.gov/Sections/Bills/billsdetail.aspx?BillId=63303&SessionId=87
HB407,House,Valdes,Committee Yes,3,good,Y,cmte vote,HB407Civil Justice Subcommittee,Civil Justice Subcommittee,https://www.myfloridahouse.gov/Sections/Committees/billvote.aspx?VoteId=50556&IsPCB=0&BillId=63303&SessionId=87,https://www.myfloridahouse.gov/Sections/Bills/billsdetail.aspx?BillId=63303&SessionId=87
HB407,House,Clemons,Committee Yes,3,good,Y,cmte vote,HB407State Affairs Committee,State Affairs Committee,https://www.myfloridahouse.gov/Sections/Committees/billvote.aspx?VoteId=51187&IsPCB=0&BillId=63303&SessionId=87,https://www.myfloridahouse.gov/Sections/Bills/billsdetail.aspx?BillId=63303&SessionId=87
HB407,House,DiCeglie,Committee Yes,3,good,Y,cmte vote,HB407State Affairs Committee,State Affairs Committee,https://www.myfloridahouse.gov/Sections/Committees/billvote.aspx?VoteId=51187&IsPCB=0&BillId=63303&SessionId=87,https://www.myfloridahouse.gov/Sections/Bills/billsdetail.aspx?BillId=63303&SessionId=87
HB407,House,Drake,Committee Yes,0,good,(Y),cmte vote,HB407State Affairs Committee,State Affairs Committee,https://www.myfloridahouse.gov/Sections/Committees/billvote.aspx?VoteId=51187&IsPCB=0&BillId=63303&SessionId=87,https://www.myfloridahouse.gov/Sections/Bills/billsdetail.aspx?BillId=63303&SessionId=87
HB407,House,DuBose,Committee Yes,0,good,-,cmte vote,HB407State Affairs Committee,State Affairs Committee,https://www.myfloridahouse.gov/Sections/Committees/billvote.aspx?VoteId=51187&IsPCB=0&BillId=63303&SessionId=87,https://www.myfloridahouse.gov/Sections/Bills/billsdetail.aspx?BillId=63303&SessionId=87
HB407,House,Good,Committee Yes,3,good,Y,cmte vote,HB407State Affairs Committee,State Affairs Committee,https://www.myfloridahouse.gov/Sections/Committees/billvote.aspx?VoteId=51187&IsPCB=0&BillId=63303&SessionId=87,https://www.myfloridahouse.gov/Sections/Bills/billsdetail.aspx?BillId=63303&SessionId=87
HB407,House,Grall,Committee Yes,3,good,Y,cmte vote,HB407State Affairs Committee,State Affairs Committee,https://www.myfloridahouse.gov/Sections/Committees/billvote.aspx?VoteId=51187&IsPCB=0&BillId=63303&SessionId=87,https://www.myfloridahouse.gov/Sections/Bills/billsdetail.aspx?BillId=63303&SessionId=87
HB407,House,Hart,Committee Yes,3,good,Y,cmte vote,HB407State Affairs Committee,State Affairs Committee,https://www.myfloridahouse.gov/Sections/Committees/billvote.aspx?VoteId=51187&IsPCB=0&BillId=63303&SessionId=87,https://www.myfloridahouse.gov/Sections/Bills/billsdetail.aspx?BillId=63303&SessionId=87
HB407,House,Hattersley,Committee Yes,3,good,Y,cmte vote,HB407State Affairs Committee,State Affairs Committee,https://www.myfloridahouse.gov/Sections/Committees/billvote.aspx?VoteId=51187&IsPCB=0&BillId=63303&SessionId=87,https://www.myfloridahouse.gov/Sections/Bills/billsdetail.aspx?BillId=63303&SessionId=87
HB407,House,Ingoglia,Committee Yes,0,good,-,cmte vote,HB407State Affairs Committee,State Affairs Committee,https://www.myfloridahouse.gov/Sections/Committees/billvote.aspx?VoteId=51187&IsPCB=0&BillId=63303&SessionId=87,https://www.myfloridahouse.gov/Sections/Bills/billsdetail.aspx?BillId=63303&SessionId=87
HB407,House,Latvala,Committee Yes,3,good,Y,cmte vote,HB407State Affairs Committee,State Affairs Committee,https://www.myfloridahouse.gov/Sections/Committees/billvote.aspx?VoteId=51187&IsPCB=0&BillId=63303&SessionId=87,https://www.myfloridahouse.gov/Sections/Bills/billsdetail.aspx?BillId=63303&SessionId=87
HB407,House,McClain,Committee Yes,3,good,Y,cmte vote,HB407State Affairs Committee,State Affairs Committee,https://www.myfloridahouse.gov/Sections/Committees/billvote.aspx?VoteId=51187&IsPCB=0&BillId=63303&SessionId=87,https://www.myfloridahouse.gov/Sections/Bills/billsdetail.aspx?BillId=63303&SessionId=87
HB407,House,McClure,Committee Yes,3,good,Y,cmte vote,HB407State Affairs Committee,State Affairs Committee,https://www.myfloridahouse.gov/Sections/Committees/billvote.aspx?VoteId=51187&IsPCB=0&BillId=63303&SessionId=87,https://www.myfloridahouse.gov/Sections/Bills/billsdetail.aspx?BillId=63303&SessionId=87
HB407,House,Newton,Committee Yes,3,good,Y,cmte vote,HB407State Affairs Committee,State Affairs Committee,https://www.myfloridahouse.gov/Sections/Committees/billvote.aspx?VoteId=51187&IsPCB=0&BillId=63303&SessionId=87,https://www.myfloridahouse.gov/Sections/Bills/billsdetail.aspx?BillId=63303&SessionId=87
HB407,House,Payne,Committee Yes,3,good,Y,cmte vote,HB407State Affairs Committee,State Affairs Committee,https://www.myfloridahouse.gov/Sections/Committees/billvote.aspx?VoteId=51187&IsPCB=0&BillId=63303&SessionId=87,https://www.myfloridahouse.gov/Sections/Bills/billsdetail.aspx?BillId=63303&SessionId=87
HB407,House,Pigman,Committee Yes,3,good,Y,cmte vote,HB407State Affairs Committee,State Affairs Committee,https://www.myfloridahouse.gov/Sections/Committees/billvote.aspx?VoteId=51187&IsPCB=0&BillId=63303&SessionId=87,https://www.myfloridahouse.gov/Sections/Bills/billsdetail.aspx?BillId=63303&SessionId=87
HB407,House,Plakon,Committee Yes,3,good,Y,cmte vote,HB407State Affairs Committee,State Affairs Committee,https://www.myfloridahouse.gov/Sections/Committees/billvote.aspx?VoteId=51187&IsPCB=0&BillId=63303&SessionId=87,https://www.myfloridahouse.gov/Sections/Bills/billsdetail.aspx?BillId=63303&SessionId=87
HB407,House,Polsky,Committee Yes,3,good,Y,cmte vote,HB407State Affairs Committee,State Affairs Committee,https://www.myfloridahouse.gov/Sections/Committees/billvote.aspx?VoteId=51187&IsPCB=0&BillId=63303&SessionId=87,https://www.myfloridahouse.gov/Sections/Bills/billsdetail.aspx?BillId=63303&SessionId=87
HB407,House,Raschein,Committee Yes,3,good,Y,cmte vote,HB407State Affairs Committee,State Affairs Committee,https://www.myfloridahouse.gov/Sections/Committees/billvote.aspx?VoteId=51187&IsPCB=0&BillId=63303&SessionId=87,https://www.myfloridahouse.gov/Sections/Bills/billsdetail.aspx?BillId=63303&SessionId=87
HB407,House,"Rodriguez, A.",Committee Yes,3,good,Y,cmte vote,HB407State Affairs Committee,State Affairs Committee,https://www.myfloridahouse.gov/Sections/Committees/billvote.aspx?VoteId=51187&IsPCB=0&BillId=63303&SessionId=87,https://www.myfloridahouse.gov/Sections/Bills/billsdetail.aspx?BillId=63303&SessionId=87
HB407,House,Roth,Committee Yes,0,good,-,cmte vote,HB407State Affairs Committee,State Affairs Committee,https://www.myfloridahouse.gov/Sections/Committees/billvote.aspx?VoteId=51187&IsPCB=0&BillId=63303&SessionId=87,https://www.myfloridahouse.gov/Sections/Bills/billsdetail.aspx?BillId=63303&SessionId=87
HB407,House,Slosberg,Committee Yes,0,good,-,cmte vote,HB407State Affairs Committee,State Affairs Committee,https://www.myfloridahouse.gov/Sections/Committees/billvote.aspx?VoteId=51187&IsPCB=0&BillId=63303&SessionId=87,https://www.myfloridahouse.gov/Sections/Bills/billsdetail.aspx?BillId=63303&SessionId=87
HB407,House,Trumbull,Committee Yes,0,good,-,cmte vote,HB407State Affairs Committee,State Affairs Committee,https://www.myfloridahouse.gov/Sections/Committees/billvote.aspx?VoteId=51187&IsPCB=0&BillId=63303&SessionId=87,https://www.myfloridahouse.gov/Sections/Bills/billsdetail.aspx?BillId=63303&SessionId=87
HB407,House,"Watson, C.",Committee Yes,3,good,Y,cmte vote,HB407State Affairs Committee,State Affairs Committee,https://www.myfloridahouse.gov/Sections/Committees/billvote.aspx?VoteId=51187&IsPCB=0&BillId=63303&SessionId=87,https://www.myfloridahouse.gov/Sections/Bills/billsdetail.aspx?BillId=63303&SessionId=87
HB407,House,Zika,Committee Yes,3,good,Y,cmte vote,HB407State Affairs Committee,State Affairs Committee,https://www.myfloridahouse.gov/Sections/Committees/billvote.aspx?VoteId=51187&IsPCB=0&BillId=63303&SessionId=87,https://www.myfloridahouse.gov/Sections/Bills/billsdetail.aspx?BillId=63303&SessionId=87
HB759,House,Aloupis,Committee Yes,3,good,Y,cmte vote,"HB759Oversight, Transparency & Public Management Subcommittee","Oversight, Transparency & Public Management Subcommittee",https://www.myfloridahouse.gov/Sections/Committees/billvote.aspx?VoteId=48709&IsPCB=0&BillId=64558&SessionId=87,https://www.myfloridahouse.gov/Sections/Bills/billsdetail.aspx?BillId=64558&SessionId=87
HB759,House,Andrade,Committee Yes,3,good,Y,cmte vote,"HB759Oversight, Transparency & Public Management Subcommittee","Oversight, Transparency & Public Management Subcommittee",https://www.myfloridahouse.gov/Sections/Committees/billvote.aspx?VoteId=48709&IsPCB=0&BillId=64558&SessionId=87,https://www.myfloridahouse.gov/Sections/Bills/billsdetail.aspx?BillId=64558&SessionId=87
HB759,House,Daniels,Committee Yes,0,good,-,cmte vote,"HB759Oversight, Transparency & Public Management Subcommittee","Oversight, Transparency & Public Management Subcommittee",https://www.myfloridahouse.gov/Sections/Committees/billvote.aspx?VoteId=48709&IsPCB=0&BillId=64558&SessionId=87,https://www.myfloridahouse.gov/Sections/Bills/billsdetail.aspx?BillId=64558&SessionId=87
HB759,House,DuBose,Committee Yes,3,good,Y,cmte vote,"HB759Oversight, Transparency & Public Management Subcommittee","Oversight, Transparency & Public Management Subcommittee",https://www.myfloridahouse.gov/Sections/Committees/billvote.aspx?VoteId=48709&IsPCB=0&BillId=64558&SessionId=87,https://www.myfloridahouse.gov/Sections/Bills/billsdetail.aspx?BillId=64558&SessionId=87
HB759,House,Eskamani,Committee Yes,3,good,Y,cmte vote,"HB759Oversight, Transparency & Public Management Subcommittee","Oversight, Transparency & Public Management Subcommittee",https://www.myfloridahouse.gov/Sections/Committees/billvote.aspx?VoteId=48709&IsPCB=0&BillId=64558&SessionId=87,https://www.myfloridahouse.gov/Sections/Bills/billsdetail.aspx?BillId=64558&SessionId=87
HB759,House,FernÃ¡ndez,Committee Yes,3,good,Y,cmte vote,"HB759Oversight, Transparency & Public Management Subcommittee","Oversight, Transparency & Public Management Subcommittee",https://www.myfloridahouse.gov/Sections/Committees/billvote.aspx?VoteId=48709&IsPCB=0&BillId=64558&SessionId=87,https://www.myfloridahouse.gov/Sections/Bills/billsdetail.aspx?BillId=64558&SessionId=87
HB759,House,Fischer,Committee Yes,3,good,Y,cmte vote,"HB759Oversight, Transparency & Public Management Subcommittee","Oversight, Transparency & Public Management Subcommittee",https://www.myfloridahouse.gov/Sections/Committees/billvote.aspx?VoteId=48709&IsPCB=0&BillId=64558&SessionId=87,https://www.myfloridahouse.gov/Sections/Bills/billsdetail.aspx?BillId=64558&SessionId=87
HB759,House,Good,Committee Yes,3,good,Y,cmte vote,"HB759Oversight, Transparency & Public Management Subcommittee","Oversight, Transparency & Public Management Subcommittee",https://www.myfloridahouse.gov/Sections/Committees/billvote.aspx?VoteId=48709&IsPCB=0&BillId=64558&SessionId=87,https://www.myfloridahouse.gov/Sections/Bills/billsdetail.aspx?BillId=64558&SessionId=87
HB759,House,Grall,Committee Yes,3,good,Y,cmte vote,"HB759Oversight, Transparency & Public Management Subcommittee","Oversight, Transparency & Public Management Subcommittee",https://www.myfloridahouse.gov/Sections/Committees/billvote.aspx?VoteId=48709&IsPCB=0&BillId=64558&SessionId=87,https://www.myfloridahouse.gov/Sections/Bills/billsdetail.aspx?BillId=64558&SessionId=87
HB759,House,"Grant, J.",Committee Yes,3,good,Y,cmte vote,"HB759Oversight, Transparency & Public Management Subcommittee","Oversight, Transparency & Public Management Subcommittee",https://www.myfloridahouse.gov/Sections/Committees/billvote.aspx?VoteId=48709&IsPCB=0&BillId=64558&SessionId=87,https://www.myfloridahouse.gov/Sections/Bills/billsdetail.aspx?BillId=64558&SessionId=87
HB759,House,LaMarca,Committee Yes,3,good,Y,cmte vote,"HB759Oversight, Transparency & Public Management Subcommittee","Oversight, Transparency & Public Management Subcommittee",https://www.myfloridahouse.gov/Sections/Committees/billvote.aspx?VoteId=48709&IsPCB=0&BillId=64558&SessionId=87,https://www.myfloridahouse.gov/Sections/Bills/billsdetail.aspx?BillId=64558&SessionId=87
HB759,House,Pigman,Committee Yes,3,good,Y,cmte vote,"HB759Oversight, Transparency & Public Management Subcommittee","Oversight, Transparency & Public Management Subcommittee",https://www.myfloridahouse.gov/Sections/Committees/billvote.aspx?VoteId=48709&IsPCB=0&BillId=64558&SessionId=87,https://www.myfloridahouse.gov/Sections/Bills/billsdetail.aspx?BillId=64558&SessionId=87
HB759,House,Plakon,Committee Yes,3,good,Y,cmte vote,"HB759Oversight, Transparency & Public Management Subcommittee","Oversight, Transparency & Public Management Subcommittee",https://www.myfloridahouse.gov/Sections/Committees/billvote.aspx?VoteId=48709&IsPCB=0&BillId=64558&SessionId=87,https://www.myfloridahouse.gov/Sections/Bills/billsdetail.aspx?BillId=64558&SessionId=87
HB759,House,Plasencia,Committee Yes,3,good,Y,cmte vote,"HB759Oversight, Transparency & Public Management Subcommittee","Oversight, Transparency & Public Management Subcommittee",https://www.myfloridahouse.gov/Sections/Committees/billvote.aspx?VoteId=48709&IsPCB=0&BillId=64558&SessionId=87,https://www.myfloridahouse.gov/Sections/Bills/billsdetail.aspx?BillId=64558&SessionId=87
HB759,House,Yarborough,Committee Yes,3,good,Y,cmte vote,"HB759Oversight, Transparency & Public Management Subcommittee","Oversight, Transparency & Public Management Subcommittee",https://www.myfloridahouse.gov/Sections/Committees/billvote.aspx?VoteId=48709&IsPCB=0&BillId=64558&SessionId=87,https://www.myfloridahouse.gov/Sections/Bills/billsdetail.aspx?BillId=64558&SessionId=87
HB759,House,Andrade,Committee Yes,3,good,Y,cmte vote,HB759Commerce Committee,Commerce Committee,https://www.myfloridahouse.gov/Sections/Committees/billvote.aspx?VoteId=50161&IsPCB=0&BillId=64558&SessionId=87,https://www.myfloridahouse.gov/Sections/Bills/billsdetail.aspx?BillId=64558&SessionId=87
HB759,House,Avila,Committee Yes,3,good,Y,cmte vote,HB759Commerce Committee,Commerce Committee,https://www.myfloridahouse.gov/Sections/Committees/billvote.aspx?VoteId=50161&IsPCB=0&BillId=64558&SessionId=87,https://www.myfloridahouse.gov/Sections/Bills/billsdetail.aspx?BillId=64558&SessionId=87
HB759,House,Buchanan,Committee Yes,3,good,Y,cmte vote,HB759Commerce Committee,Commerce Committee,https://www.myfloridahouse.gov/Sections/Committees/billvote.aspx?VoteId=50161&IsPCB=0&BillId=64558&SessionId=87,https://www.myfloridahouse.gov/Sections/Bills/billsdetail.aspx?BillId=64558&SessionId=87
HB759,House,Casello,Committee Yes,3,good,Y,cmte vote,HB759Commerce Committee,Commerce Committee,https://www.myfloridahouse.gov/Sections/Committees/billvote.aspx?VoteId=50161&IsPCB=0&BillId=64558&SessionId=87,https://www.myfloridahouse.gov/Sections/Bills/billsdetail.aspx?BillId=64558&SessionId=87
HB759,House,FernÃ¡ndez,Committee Yes,3,good,Y,cmte vote,HB759Commerce Committee,Commerce Committee,https://www.myfloridahouse.gov/Sections/Committees/billvote.aspx?VoteId=50161&IsPCB=0&BillId=64558&SessionId=87,https://www.myfloridahouse.gov/Sections/Bills/billsdetail.aspx?BillId=64558&SessionId=87
HB759,House,Fischer,Committee Yes,3,good,Y,cmte vote,HB759Commerce Committee,Commerce Committee,https://www.myfloridahouse.gov/Sections/Committees/billvote.aspx?VoteId=50161&IsPCB=0&BillId=64558&SessionId=87,https://www.myfloridahouse.gov/Sections/Bills/billsdetail.aspx?BillId=64558&SessionId=87
HB759,House,Fitzenhagen,Committee Yes,3,good,Y,cmte vote,HB759Commerce Committee,Commerce Committee,https://www.myfloridahouse.gov/Sections/Committees/billvote.aspx?VoteId=50161&IsPCB=0&BillId=64558&SessionId=87,https://www.myfloridahouse.gov/Sections/Bills/billsdetail.aspx?BillId=64558&SessionId=87
HB759,House,Hage,Committee Yes,3,good,Y,cmte vote,HB759Commerce Committee,Commerce Committee,https://www.myfloridahouse.gov/Sections/Committees/billvote.aspx?VoteId=50161&IsPCB=0&BillId=64558&SessionId=87,https://www.myfloridahouse.gov/Sections/Bills/billsdetail.aspx?BillId=64558&SessionId=87
HB759,House,Jacquet,Committee Yes,3,good,Y,cmte vote,HB759Commerce Committee,Commerce Committee,https://www.myfloridahouse.gov/Sections/Committees/billvote.aspx?VoteId=50161&IsPCB=0&BillId=64558&SessionId=87,https://www.myfloridahouse.gov/Sections/Bills/billsdetail.aspx?BillId=64558&SessionId=87
HB759,House,Jenne,Committee Yes,3,good,Y,cmte vote,HB759Commerce Committee,Commerce Committee,https://www.myfloridahouse.gov/Sections/Committees/billvote.aspx?VoteId=50161&IsPCB=0&BillId=64558&SessionId=87,https://www.myfloridahouse.gov/Sections/Bills/billsdetail.aspx?BillId=64558&SessionId=87
HB759,House,La Rosa,Committee Yes,3,good,Y,cmte vote,HB759Commerce Committee,Commerce Committee,https://www.myfloridahouse.gov/Sections/Committees/billvote.aspx?VoteId=50161&IsPCB=0&BillId=64558&SessionId=87,https://www.myfloridahouse.gov/Sections/Bills/billsdetail.aspx?BillId=64558&SessionId=87
HB759,House,Overdorf,Committee Yes,3,good,Y,cmte vote,HB759Commerce Committee,Commerce Committee,https://www.myfloridahouse.gov/Sections/Committees/billvote.aspx?VoteId=50161&IsPCB=0&BillId=64558&SessionId=87,https://www.myfloridahouse.gov/Sections/Bills/billsdetail.aspx?BillId=64558&SessionId=87
HB759,House,Plasencia,Committee Yes,3,good,Y,cmte vote,HB759Commerce Committee,Commerce Committee,https://www.myfloridahouse.gov/Sections/Committees/billvote.aspx?VoteId=50161&IsPCB=0&BillId=64558&SessionId=87,https://www.myfloridahouse.gov/Sections/Bills/billsdetail.aspx?BillId=64558&SessionId=87
HB759,House,Robinson,Committee Yes,3,good,Y,cmte vote,HB759Commerce Committee,Commerce Committee,https://www.myfloridahouse.gov/Sections/Committees/billvote.aspx?VoteId=50161&IsPCB=0&BillId=64558&SessionId=87,https://www.myfloridahouse.gov/Sections/Bills/billsdetail.aspx?BillId=64558&SessionId=87
HB759,House,"Rodrigues, R.",Committee Yes,3,good,Y,cmte vote,HB759Commerce Committee,Commerce Committee,https://www.myfloridahouse.gov/Sections/Committees/billvote.aspx?VoteId=50161&IsPCB=0&BillId=64558&SessionId=87,https://www.myfloridahouse.gov/Sections/Bills/billsdetail.aspx?BillId=64558&SessionId=87
HB759,House,Sabatini,Committee Yes,3,good,Y,cmte vote,HB759Commerce Committee,Commerce Committee,https://www.myfloridahouse.gov/Sections/Committees/billvote.aspx?VoteId=50161&IsPCB=0&BillId=64558&SessionId=87,https://www.myfloridahouse.gov/Sections/Bills/billsdetail.aspx?BillId=64558&SessionId=87
HB759,House,Santiago,Committee Yes,3,good,Y,cmte vote,HB759Commerce Committee,Commerce Committee,https://www.myfloridahouse.gov/Sections/Committees/billvote.aspx?VoteId=50161&IsPCB=0&BillId=64558&SessionId=87,https://www.myfloridahouse.gov/Sections/Bills/billsdetail.aspx?BillId=64558&SessionId=87
HB759,House,Silvers,Committee Yes,3,good,Y,cmte vote,HB759Commerce Committee,Commerce Committee,https://www.myfloridahouse.gov/Sections/Committees/billvote.aspx?VoteId=50161&IsPCB=0&BillId=64558&SessionId=87,https://www.myfloridahouse.gov/Sections/Bills/billsdetail.aspx?BillId=64558&SessionId=87
HB759,House,Stark,Committee Yes,3,good,Y,cmte vote,HB759Commerce Committee,Commerce Committee,https://www.myfloridahouse.gov/Sections/Committees/billvote.aspx?VoteId=50161&IsPCB=0&BillId=64558&SessionId=87,https://www.myfloridahouse.gov/Sections/Bills/billsdetail.aspx?BillId=64558&SessionId=87
HB759,House,Stevenson,Committee Yes,3,good,Y,cmte vote,HB759Commerce Committee,Commerce Committee,https://www.myfloridahouse.gov/Sections/Committees/billvote.aspx?VoteId=50161&IsPCB=0&BillId=64558&SessionId=87,https://www.myfloridahouse.gov/Sections/Bills/billsdetail.aspx?BillId=64558&SessionId=87
HB759,House,Stone,Committee Yes,3,good,Y,cmte vote,HB759Commerce Committee,Commerce Committee,https://www.myfloridahouse.gov/Sections/Committees/billvote.aspx?VoteId=50161&IsPCB=0&BillId=64558&SessionId=87,https://www.myfloridahouse.gov/Sections/Bills/billsdetail.aspx?BillId=64558&SessionId=87
HB759,House,Webb,Committee Yes,3,good,Y,cmte vote,HB759Commerce Committee,Commerce Committee,https://www.myfloridahouse.gov/Sections/Committees/billvote.aspx?VoteId=50161&IsPCB=0&BillId=64558&SessionId=87,https://www.myfloridahouse.gov/Sections/Bills/billsdetail.aspx?BillId=64558&SessionId=87
HB759,House,Willhite,Committee Yes,3,good,Y,cmte vote,HB759Commerce Committee,Commerce Committee,https://www.myfloridahouse.gov/Sections/Committees/billvote.aspx?VoteId=50161&IsPCB=0&BillId=64558&SessionId=87,https://www.myfloridahouse.gov/Sections/Bills/billsdetail.aspx?BillId=64558&SessionId=87
HB759,House,Williamson,Committee Yes,3,good,Y,cmte vote,HB759Commerce Committee,Commerce Committee,https://www.myfloridahouse.gov/Sections/Committees/billvote.aspx?VoteId=50161&IsPCB=0&BillId=64558&SessionId=87,https://www.myfloridahouse.gov/Sections/Bills/billsdetail.aspx?BillId=64558&SessionId=87
HB759,House,Clemons,Committee Yes,3,good,Y,cmte vote,HB759State Affairs Committee,State Affairs Committee,https://www.myfloridahouse.gov/Sections/Committees/billvote.aspx?VoteId=51663&IsPCB=0&BillId=64558&SessionId=87,https://www.myfloridahouse.gov/Sections/Bills/billsdetail.aspx?BillId=64558&SessionId=87
HB759,House,DiCeglie,Committee Yes,3,good,Y,cmte vote,HB759State Affairs Committee,State Affairs Committee,https://www.myfloridahouse.gov/Sections/Committees/billvote.aspx?VoteId=51663&IsPCB=0&BillId=64558&SessionId=87,https://www.myfloridahouse.gov/Sections/Bills/billsdetail.aspx?BillId=64558&SessionId=87
HB759,House,Drake,Committee Yes,3,good,Y,cmte vote,HB759State Affairs Committee,State Affairs Committee,https://www.myfloridahouse.gov/Sections/Committees/billvote.aspx?VoteId=51663&IsPCB=0&BillId=64558&SessionId=87,https://www.myfloridahouse.gov/Sections/Bills/billsdetail.aspx?BillId=64558&SessionId=87
HB759,House,DuBose,Committee Yes,0,good,-,cmte vote,HB759State Affairs Committee,State Affairs Committee,https://www.myfloridahouse.gov/Sections/Committees/billvote.aspx?VoteId=51663&IsPCB=0&BillId=64558&SessionId=87,https://www.myfloridahouse.gov/Sections/Bills/billsdetail.aspx?BillId=64558&SessionId=87
HB759,House,Good,Committee Yes,0,good,-,cmte vote,HB759State Affairs Committee,State Affairs Committee,https://www.myfloridahouse.gov/Sections/Committees/billvote.aspx?VoteId=51663&IsPCB=0&BillId=64558&SessionId=87,https://www.myfloridahouse.gov/Sections/Bills/billsdetail.aspx?BillId=64558&SessionId=87
HB759,House,Grall,Committee Yes,3,good,Y,cmte vote,HB759State Affairs Committee,State Affairs Committee,https://www.myfloridahouse.gov/Sections/Committees/billvote.aspx?VoteId=51663&IsPCB=0&BillId=64558&SessionId=87,https://www.myfloridahouse.gov/Sections/Bills/billsdetail.aspx?BillId=64558&SessionId=87
HB759,House,Hart,Committee Yes,3,good,Y,cmte vote,HB759State Affairs Committee,State Affairs Committee,https://www.myfloridahouse.gov/Sections/Committees/billvote.aspx?VoteId=51663&IsPCB=0&BillId=64558&SessionId=87,https://www.myfloridahouse.gov/Sections/Bills/billsdetail.aspx?BillId=64558&SessionId=87
HB759,House,Hattersley,Committee Yes,3,good,Y,cmte vote,HB759State Affairs Committee,State Affairs Committee,https://www.myfloridahouse.gov/Sections/Committees/billvote.aspx?VoteId=51663&IsPCB=0&BillId=64558&SessionId=87,https://www.myfloridahouse.gov/Sections/Bills/billsdetail.aspx?BillId=64558&SessionId=87
HB759,House,Ingoglia,Committee Yes,0,good,-,cmte vote,HB759State Affairs Committee,State Affairs Committee,https://www.myfloridahouse.gov/Sections/Committees/billvote.aspx?VoteId=51663&IsPCB=0&BillId=64558&SessionId=87,https://www.myfloridahouse.gov/Sections/Bills/billsdetail.aspx?BillId=64558&SessionId=87
HB759,House,Latvala,Committee Yes,3,good,Y,cmte vote,HB759State Affairs Committee,State Affairs Committee,https://www.myfloridahouse.gov/Sections/Committees/billvote.aspx?VoteId=51663&IsPCB=0&BillId=64558&SessionId=87,https://www.myfloridahouse.gov/Sections/Bills/billsdetail.aspx?BillId=64558&SessionId=87
HB759,House,McClain,Committee Yes,3,good,Y,cmte vote,HB759State Affairs Committee,State Affairs Committee,https://www.myfloridahouse.gov/Sections/Committees/billvote.aspx?VoteId=51663&IsPCB=0&BillId=64558&SessionId=87,https://www.myfloridahouse.gov/Sections/Bills/billsdetail.aspx?BillId=64558&SessionId=87
HB759,House,McClure,Committee Yes,0,good,-,cmte vote,HB759State Affairs Committee,State Affairs Committee,https://www.myfloridahouse.gov/Sections/Committees/billvote.aspx?VoteId=51663&IsPCB=0&BillId=64558&SessionId=87,https://www.myfloridahouse.gov/Sections/Bills/billsdetail.aspx?BillId=64558&SessionId=87
HB759,House,Newton,Committee Yes,0,good,-,cmte vote,HB759State Affairs Committee,State Affairs Committee,https://www.myfloridahouse.gov/Sections/Committees/billvote.aspx?VoteId=51663&IsPCB=0&BillId=64558&SessionId=87,https://www.myfloridahouse.gov/Sections/Bills/billsdetail.aspx?BillId=64558&SessionId=87
HB759,House,Payne,Committee Yes,3,good,Y,cmte vote,HB759State Affairs Committee,State Affairs Committee,https://www.myfloridahouse.gov/Sections/Committees/billvote.aspx?VoteId=51663&IsPCB=0&BillId=64558&SessionId=87,https://www.myfloridahouse.gov/Sections/Bills/billsdetail.aspx?BillId=64558&SessionId=87
HB759,House,Pigman,Committee Yes,3,good,Y,cmte vote,HB759State Affairs Committee,State Affairs Committee,https://www.myfloridahouse.gov/Sections/Committees/billvote.aspx?VoteId=51663&IsPCB=0&BillId=64558&SessionId=87,https://www.myfloridahouse.gov/Sections/Bills/billsdetail.aspx?BillId=64558&SessionId=87
HB759,House,Plakon,Committee Yes,3,good,Y,cmte vote,HB759State Affairs Committee,State Affairs Committee,https://www.myfloridahouse.gov/Sections/Committees/billvote.aspx?VoteId=51663&IsPCB=0&BillId=64558&SessionId=87,https://www.myfloridahouse.gov/Sections/Bills/billsdetail.aspx?BillId=64558&SessionId=87
HB759,House,Polsky,Committee Yes,3,good,Y,cmte vote,HB759State Affairs Committee,State Affairs Committee,https://www.myfloridahouse.gov/Sections/Committees/billvote.aspx?VoteId=51663&IsPCB=0&BillId=64558&SessionId=87,https://www.myfloridahouse.gov/Sections/Bills/billsdetail.aspx?BillId=64558&SessionId=87
HB759,House,Raschein,Committee Yes,3,good,Y,cmte vote,HB759State Affairs Committee,State Affairs Committee,https://www.myfloridahouse.gov/Sections/Committees/billvote.aspx?VoteId=51663&IsPCB=0&BillId=64558&SessionId=87,https://www.myfloridahouse.gov/Sections/Bills/billsdetail.aspx?BillId=64558&SessionId=87
HB759,House,"Rodriguez, A.",Committee Yes,3,good,Y,cmte vote,HB759State Affairs Committee,State Affairs Committee,https://www.myfloridahouse.gov/Sections/Committees/billvote.aspx?VoteId=51663&IsPCB=0&BillId=64558&SessionId=87,https://www.myfloridahouse.gov/Sections/Bills/billsdetail.aspx?BillId=64558&SessionId=87
HB759,House,Roth,Committee Yes,3,good,Y,cmte vote,HB759State Affairs Committee,State Affairs Committee,https://www.myfloridahouse.gov/Sections/Committees/billvote.aspx?VoteId=51663&IsPCB=0&BillId=64558&SessionId=87,https://www.myfloridahouse.gov/Sections/Bills/billsdetail.aspx?BillId=64558&SessionId=87
HB759,House,Slosberg,Committee Yes,3,good,Y,cmte vote,HB759State Affairs Committee,State Affairs Committee,https://www.myfloridahouse.gov/Sections/Committees/billvote.aspx?VoteId=51663&IsPCB=0&BillId=64558&SessionId=87,https://www.myfloridahouse.gov/Sections/Bills/billsdetail.aspx?BillId=64558&SessionId=87
HB759,House,"Smith, C.",Committee Yes,3,good,Y,cmte vote,HB759State Affairs Committee,State Affairs Committee,https://www.myfloridahouse.gov/Sections/Committees/billvote.aspx?VoteId=51663&IsPCB=0&BillId=64558&SessionId=87,https://www.myfloridahouse.gov/Sections/Bills/billsdetail.aspx?BillId=64558&SessionId=87
HB759,House,Trumbull,Committee Yes,3,good,Y,cmte vote,HB759State Affairs Committee,State Affairs Committee,https://www.myfloridahouse.gov/Sections/Committees/billvote.aspx?VoteId=51663&IsPCB=0&BillId=64558&SessionId=87,https://www.myfloridahouse.gov/Sections/Bills/billsdetail.aspx?BillId=64558&SessionId=87
HB759,House,"Watson, C.",Committee Yes,3,good,Y,cmte vote,HB759State Affairs Committee,State Affairs Committee,https://www.myfloridahouse.gov/Sections/Committees/billvote.aspx?VoteId=51663&IsPCB=0&BillId=64558&SessionId=87,https://www.myfloridahouse.gov/Sections/Bills/billsdetail.aspx?BillId=64558&SessionId=87
HB759,House,Zika,Committee Yes,3,good,Y,cmte vote,HB759State Affairs Committee,State Affairs Committee,https://www.myfloridahouse.gov/Sections/Committees/billvote.aspx?VoteId=51663&IsPCB=0&BillId=64558&SessionId=87,https://www.myfloridahouse.gov/Sections/Bills/billsdetail.aspx?BillId=64558&SessionId=87
