alphaname,name,first,last,slug,title,chamber,personurl,photourl,district,party,city,counties
"Abruzzo, Joseph",Joseph Abruzzo,Joseph,Abruzzo,rep-joseph-abruzzo-81,Rep.,House,http://www.myfloridahouse.gov/Sections/Representatives/details.aspx?MemberId=4458&LegislativeTermId=87,http://www.myfloridahouse.gov/FileStores/Web/Imaging/Member/4458.jpg,81,D,Boynton Beach,Palm Beach
"Ahern, Larry",Larry Ahern,Larry,Ahern,rep-larry-ahern-66,Rep.,House,http://www.myfloridahouse.gov/Sections/Representatives/details.aspx?MemberId=4505&LegislativeTermId=87,http://www.myfloridahouse.gov/FileStores/Web/Imaging/Member/4505.jpg,66,R,Seminole,Pinellas
"Albritton, Ben",Ben Albritton,Ben,Albritton,rep-ben-albritton-56,Rep.,House,http://www.myfloridahouse.gov/Sections/Representatives/details.aspx?MemberId=4508&LegislativeTermId=87,http://www.myfloridahouse.gov/FileStores/Web/Imaging/Member/4508.jpg,56,R,Wauchula,DeSoto|Hardee|Polk
"Alexander, Ramon",Ramon Alexander,Ramon,Alexander,rep-ramon-alexander-8,Rep.,House,http://www.myfloridahouse.gov/Sections/Representatives/details.aspx?MemberId=4640&LegislativeTermId=87,http://www.myfloridahouse.gov/FileStores/Web/Imaging/Member/4640.jpg,8,D,Tallahassee,Gadsden|Leon
"Altman, Thad",Thad Altman,Thad,Altman,rep-thad-altman-52,Rep.,House,http://www.myfloridahouse.gov/Sections/Representatives/details.aspx?MemberId=4329&LegislativeTermId=87,http://www.myfloridahouse.gov/FileStores/Web/Imaging/Member/4329.jpg,52,R,Indialantic,Brevard
"Antone, Bruce",Bruce Antone,Bruce,Antone,rep-bruce-antone-46,Rep.,House,http://www.myfloridahouse.gov/Sections/Representatives/details.aspx?MemberId=4269&LegislativeTermId=87,http://www.myfloridahouse.gov/FileStores/Web/Imaging/Member/4269.jpg,46,D,Orlando,Orange
"Artiles, Frank",Frank Artiles,Frank,Artiles,sen-frank-artiles-40,Sen.,Senate,http://www.flsenate.gov/Senators/s40,http://www.flsenate.gov/PublishedContent/Senators/2016-2018/Photos/s40_5197.jpg,40,R,Miami,Miami-Dade
"Asencio, Robert",Robert Asencio,Robert,Asencio,rep-robert-asencio-118,Rep.,House,http://www.myfloridahouse.gov/Sections/Representatives/details.aspx?MemberId=4656&LegislativeTermId=87,http://www.myfloridahouse.gov/FileStores/Web/Imaging/Member/4656.jpg,118,D,Miami,Miami-Dade
"Ausley, Loranne",Loranne Ausley,Loranne,Ausley,rep-loranne-ausley-9,Rep.,House,http://www.myfloridahouse.gov/Sections/Representatives/details.aspx?MemberId=4190&LegislativeTermId=87,http://www.myfloridahouse.gov/FileStores/Web/Imaging/Member/4190.jpg,9,D,Tallahassee,Leon
"Avila, Bryan",Bryan Avila,Bryan,Avila,rep-bryan-avila-111,Rep.,House,http://www.myfloridahouse.gov/Sections/Representatives/details.aspx?MemberId=4615&LegislativeTermId=87,http://www.myfloridahouse.gov/FileStores/Web/Imaging/Member/4615.jpg,111,R,Hialeah,Miami-Dade
"Baez, Daisy J.",Daisy J. Baez,Daisy,Baez,rep-daisy-baez-114,Rep.,House,http://www.myfloridahouse.gov/Sections/Representatives/details.aspx?MemberId=4654&LegislativeTermId=87,http://www.myfloridahouse.gov/FileStores/Web/Imaging/Member/4654.jpg,114,D,Coral Gables,Miami-Dade
"Baxley, Dennis",Dennis Baxley,Dennis,Baxley,sen-dennis-baxley-12,Sen.,Senate,http://www.flsenate.gov/Senators/s12,http://www.flsenate.gov/PublishedContent/Senators/2016-2018/Photos/s12_5192.jpg,12,R,Lady Lake,Sumter|Lake|Marion
"Bean, Aaron",Aaron Bean,Aaron,Bean,sen-aaron-bean-4,Sen.,Senate,http://www.flsenate.gov/Senators/s4,http://www.flsenate.gov/PublishedContent/Senators/2016-2018/Photos/s04_5094.jpg,4,R,Jacksonville,Nassau|Duval
"Benacquisto, Lizbeth",Lizbeth Benacquisto,Lizbeth,Benacquisto,sen-lizbeth-benacquisto-27,Sen.,Senate,http://www.flsenate.gov/Senators/s27,http://www.flsenate.gov/PublishedContent/Senators/2016-2018/Photos/s27_5047.jpg,27,R,Fort Myers,Lee
"Berman, Lori",Lori Berman,Lori,Berman,rep-lori-berman-90,Rep.,House,http://www.myfloridahouse.gov/Sections/Representatives/details.aspx?MemberId=4517&LegislativeTermId=87,http://www.myfloridahouse.gov/FileStores/Web/Imaging/Member/4517.jpg,90,D,Lantana,Palm Beach
"Beshears, Halsey",Halsey Beshears,Halsey,Beshears,rep-halsey-beshears-7,Rep.,House,http://www.myfloridahouse.gov/Sections/Representatives/details.aspx?MemberId=4539&LegislativeTermId=87,http://www.myfloridahouse.gov/FileStores/Web/Imaging/Member/4539.jpg,7,R,Monticello,Calhoun|Franklin|Gulf|Jefferson|Lafayette|Liberty|Madison|Taylor|Wakulla|Leon
"Bileca, Michael",Michael Bileca,Michael,Bileca,rep-michael-bileca-115,Rep.,House,http://www.myfloridahouse.gov/Sections/Representatives/details.aspx?MemberId=4528&LegislativeTermId=87,http://www.myfloridahouse.gov/FileStores/Web/Imaging/Member/4528.jpg,115,R,Miami,Miami-Dade
"Book, Lauren Frances",Lauren Frances Book,Lauren,Book,sen-lauren-book-32,Sen.,Senate,http://www.flsenate.gov/Senators/s32,http://www.flsenate.gov/PublishedContent/Senators/2016-2018/Photos/s32_5189.jpg,32,D,Tallahassee,Broward
"Boyd, Jim",Jim Boyd,Jim,Boyd,rep-jim-boyd-71,Rep.,House,http://www.myfloridahouse.gov/Sections/Representatives/details.aspx?MemberId=4511&LegislativeTermId=87,http://www.myfloridahouse.gov/FileStores/Web/Imaging/Member/4511.jpg,71,R,Bradenton,Manatee|Sarasota
"Bracy, Randolph",Randolph Bracy,Randolph,Bracy,sen-randolph-bracy-11,Sen.,Senate,http://www.flsenate.gov/Senators/s11,http://www.flsenate.gov/PublishedContent/Senators/2016-2018/Photos/s11_5193.jpg,11,D,Ocoee,Orange
"Bradley, Rob",Rob Bradley,Rob,Bradley,sen-rob-bradley-5,Sen.,Senate,http://www.flsenate.gov/Senators/s5,http://www.flsenate.gov/PublishedContent/Senators/2016-2018/Photos/s05_5101.jpg,5,R,Orange Park,Baker|Bradford|Clay|Columbia|Dixie|Gilchrist|Lafayette|Levy|Suwannee|Union|Marion
"Brandes, Jeff",Jeff Brandes,Jeff,Brandes,sen-jeff-brandes-24,Sen.,Senate,http://www.flsenate.gov/Senators/s24,http://www.flsenate.gov/PublishedContent/Senators/2016-2018/Photos/s24_5095.jpg,24,R,St. Petersburg,Pinellas
"Braynon, Oscar II",Oscar Braynon II,Oscar,Braynon,sen-oscar-braynon-35,Sen.,Senate,http://www.flsenate.gov/Senators/s35,http://www.flsenate.gov/PublishedContent/Senators/2016-2018/Photos/s35_5007.jpg,35,D,Miami Gardens,Broward|Miami-Dade
"Brodeur, Jason T.",Jason T. Brodeur,Jason,Brodeur,rep-jason-brodeur-28,Rep.,House,http://www.myfloridahouse.gov/Sections/Representatives/details.aspx?MemberId=4501&LegislativeTermId=87,http://www.myfloridahouse.gov/FileStores/Web/Imaging/Member/4501.jpg,28,R,Sanford,Seminole
"Brown, Kamia L.",Kamia L. Brown,Kamia,Brown,rep-kamia-brown-45,Rep.,House,http://www.myfloridahouse.gov/Sections/Representatives/details.aspx?MemberId=4625&LegislativeTermId=87,http://www.myfloridahouse.gov/FileStores/Web/Imaging/Member/4625.jpg,45,D,Ocoee,Orange
"Broxson, Doug",Doug Broxson,Doug,Broxson,sen-doug-broxson-1,Sen.,Senate,http://www.flsenate.gov/Senators/s1,http://www.flsenate.gov/PublishedContent/Senators/2016-2018/Photos/s01_5194.jpg,1,R,Pensacola,Escambia|Santa Rosa|Okaloosa
"Burgess, Daniel Wright, Jr.",Daniel Wright Burgess Jr.,Daniel,Burgess,rep-daniel-burgess-38,Rep.,House,http://www.myfloridahouse.gov/Sections/Representatives/details.aspx?MemberId=4604&LegislativeTermId=87,http://www.myfloridahouse.gov/FileStores/Web/Imaging/Member/4604.jpg,38,R,Zephyrhills,Pasco
"Burton, Colleen",Colleen Burton,Colleen,Burton,rep-colleen-burton-40,Rep.,House,http://www.myfloridahouse.gov/Sections/Representatives/details.aspx?MemberId=4616&LegislativeTermId=87,http://www.myfloridahouse.gov/FileStores/Web/Imaging/Member/4616.jpg,40,R,Lakeland,Polk
"Byrd, Cord",Cord Byrd,Cord,Byrd,rep-cord-byrd-11,Rep.,House,http://www.myfloridahouse.gov/Sections/Representatives/details.aspx?MemberId=4632&LegislativeTermId=87,http://www.myfloridahouse.gov/FileStores/Web/Imaging/Member/4632.jpg,11,R,Neptune Beach,Nassau|Duval
"Caldwell, Matt",Matt Caldwell,Matt,Caldwell,rep-matt-caldwell-79,Rep.,House,http://www.myfloridahouse.gov/Sections/Representatives/details.aspx?MemberId=4513&LegislativeTermId=87,http://www.myfloridahouse.gov/FileStores/Web/Imaging/Member/4513.jpg,79,R,North Fort Myers,Lee
"Campbell, Daphne",Daphne Campbell,Daphne,Campbell,sen-daphne-campbell-38,Sen.,Senate,http://www.flsenate.gov/Senators/s38,http://www.flsenate.gov/PublishedContent/Senators/2016-2018/Photos/s38_5195.jpg,38,D,North Miami Beach,Miami-Dade
"Clemens, Jeff",Jeff Clemens,Jeff,Clemens,sen-jeff-clemens-31,Sen.,Senate,http://www.flsenate.gov/Senators/s31,http://www.flsenate.gov/PublishedContent/Senators/2016-2018/Photos/s31_5097.jpg,31,D,Lake Worth,Palm Beach
"Clemons, Charles Wesley, Sr.",Charles Wesley Clemons Sr.,Charles,Clemons,rep-charles-clemons-21,Rep.,House,http://www.myfloridahouse.gov/Sections/Representatives/details.aspx?MemberId=4655&LegislativeTermId=87,http://www.myfloridahouse.gov/FileStores/Web/Imaging/Member/4655.jpg,21,R,Newberry,Dixie|Gilchrist|Alachua
"Combee, Neil",Neil Combee,Neil,Combee,rep-neil-combee-39,Rep.,House,http://www.myfloridahouse.gov/Sections/Representatives/details.aspx?MemberId=4567&LegislativeTermId=87,http://www.myfloridahouse.gov/FileStores/Web/Imaging/Member/4567.jpg,39,R,Polk County,Osceola|Polk
"Corcoran, Richard",Richard Corcoran,Richard,Corcoran,rep-richard-corcoran-37,Rep.,House,http://www.myfloridahouse.gov/Sections/Representatives/details.aspx?MemberId=4503&LegislativeTermId=87,http://www.myfloridahouse.gov/FileStores/Web/Imaging/Member/4503.jpg,37,R,,Pasco
"Cortes, John",John Cortes,John,Cortes,rep-john-cortes-43,Rep.,House,http://www.myfloridahouse.gov/Sections/Representatives/details.aspx?MemberId=4605&LegislativeTermId=87,http://www.myfloridahouse.gov/FileStores/Web/Imaging/Member/4605.jpg,43,D,Kissimmee,Osceola
"Cortes, Robert ",Robert Cortes,Robert,Cortes,rep-robert-cortes-30,Rep.,House,http://www.myfloridahouse.gov/Sections/Representatives/details.aspx?MemberId=4598&LegislativeTermId=87,http://www.myfloridahouse.gov/FileStores/Web/Imaging/Member/4598.jpg,30,R,Altamonte Springs,Orange|Seminole
"Cruz, Janet",Janet Cruz,Janet,Cruz,rep-janet-cruz-62,Rep.,House,http://www.myfloridahouse.gov/Sections/Representatives/details.aspx?MemberId=4477&LegislativeTermId=87,http://www.myfloridahouse.gov/FileStores/Web/Imaging/Member/4477.jpg,62,D,,Hillsborough
"Cummings, W. Travis",W. Travis Cummings,W. Travis,Cummings,rep-w-travis-cummings-18,Rep.,House,http://www.myfloridahouse.gov/Sections/Representatives/details.aspx?MemberId=4540&LegislativeTermId=87,http://www.myfloridahouse.gov/FileStores/Web/Imaging/Member/4540.jpg,18,R,Orange Park,Clay
"Daniels, Kimberly",Kimberly Daniels,Kimberly,Daniels,rep-kimberly-daniels-14,Rep.,House,http://www.myfloridahouse.gov/Sections/Representatives/details.aspx?MemberId=4652&LegislativeTermId=87,http://www.myfloridahouse.gov/FileStores/Web/Imaging/Member/4652.jpg,14,D,Jacksonville,Duval
"Davis, Tracie",Tracie Davis,Tracie,Davis,rep-tracie-davis-13,Rep.,House,http://www.myfloridahouse.gov/Sections/Representatives/details.aspx?MemberId=4651&LegislativeTermId=87,http://www.myfloridahouse.gov/FileStores/Web/Imaging/Member/4651.jpg,13,D,Jacksonville,Duval
"Diamond, Ben",Ben Diamond,Ben,Diamond,rep-ben-diamond-68,Rep.,House,http://www.myfloridahouse.gov/Sections/Representatives/details.aspx?MemberId=4657&LegislativeTermId=87,http://www.myfloridahouse.gov/FileStores/Web/Imaging/Member/4657.jpg,68,D,St. Petersburg,Pinellas
"Diaz, Jose Felix",Jose Felix Diaz,Jose,Diaz,rep-jose-diaz-116,Rep.,House,http://www.myfloridahouse.gov/Sections/Representatives/details.aspx?MemberId=4526&LegislativeTermId=87,http://www.myfloridahouse.gov/FileStores/Web/Imaging/Member/4526.jpg,116,R,Miami-Dade County,Miami-Dade
"Diaz, Manny, Jr.",Manny Diaz Jr.,Manny,Diaz,rep-manny-diaz-103,Rep.,House,http://www.myfloridahouse.gov/Sections/Representatives/details.aspx?MemberId=4558&LegislativeTermId=87,http://www.myfloridahouse.gov/FileStores/Web/Imaging/Member/4558.jpg,103,R,Hialeah,Broward|Miami-Dade
"Donalds, Byron",Byron Donalds,Byron,Donalds,rep-byron-donalds-80,Rep.,House,http://www.myfloridahouse.gov/Sections/Representatives/details.aspx?MemberId=4636&LegislativeTermId=87,http://www.myfloridahouse.gov/FileStores/Web/Imaging/Member/4636.jpg,80,R,Naples,Hendry|Collier
"Drake, Brad",Brad Drake,Brad,Drake,rep-brad-drake-5,Rep.,House,http://www.myfloridahouse.gov/Sections/Representatives/details.aspx?MemberId=4436&LegislativeTermId=87,http://www.myfloridahouse.gov/FileStores/Web/Imaging/Member/4436.jpg,5,R,Eucheeanna,Holmes|Jackson|Walton|Washington|Bay
"DuBose, Bobby B.",Bobby B. DuBose,Bobby,DuBose,rep-bobby-dubose-94,Rep.,House,http://www.myfloridahouse.gov/Sections/Representatives/details.aspx?MemberId=4612&LegislativeTermId=87,http://www.myfloridahouse.gov/FileStores/Web/Imaging/Member/4612.jpg,94,D,,Broward
"Duran, Nicholas X.",Nicholas X. Duran,Nicholas,Duran,rep-nicholas-duran-112,Rep.,House,http://www.myfloridahouse.gov/Sections/Representatives/details.aspx?MemberId=4650&LegislativeTermId=87,http://www.myfloridahouse.gov/FileStores/Web/Imaging/Member/4650.jpg,112,D,Miami,Miami-Dade
"Eagle, Dane",Dane Eagle,Dane,Eagle,rep-dane-eagle-77,Rep.,House,http://www.myfloridahouse.gov/Sections/Representatives/details.aspx?MemberId=4573&LegislativeTermId=87,http://www.myfloridahouse.gov/FileStores/Web/Imaging/Member/4573.jpg,77,R,Cape Coral,Lee
"Edwards, Katie A.",Katie A. Edwards,Katie,Edwards,rep-katie-edwards-98,Rep.,House,http://www.myfloridahouse.gov/Sections/Representatives/details.aspx?MemberId=4566&LegislativeTermId=87,http://www.myfloridahouse.gov/FileStores/Web/Imaging/Member/4566.jpg,98,D,Plantation,Broward
"Eisnaugle, Eric",Eric Eisnaugle,Eric,Eisnaugle,rep-eric-eisnaugle-44,Rep.,House,http://www.myfloridahouse.gov/Sections/Representatives/details.aspx?MemberId=4449&LegislativeTermId=87,http://www.myfloridahouse.gov/FileStores/Web/Imaging/Member/4449.jpg,44,R,Orlando,Orange
"Fant, Jay",Jay Fant,Jay,Fant,rep-jay-fant-15,Rep.,House,http://www.myfloridahouse.gov/Sections/Representatives/details.aspx?MemberId=4601&LegislativeTermId=87,http://www.myfloridahouse.gov/FileStores/Web/Imaging/Member/4601.jpg,15,R,Jacksonville,Duval
"Farmer, Gary M., Jr.",Gary M. Farmer Jr.,Gary,Farmer,sen-gary-farmer-34,Sen.,Senate,http://www.flsenate.gov/Senators/s34,http://www.flsenate.gov/PublishedContent/Senators/2016-2018/Photos/s34_5198.jpg,34,D,Fort Lauderdale,Broward
"Fine, Randy",Randy Fine,Randy,Fine,rep-randy-fine-53,Rep.,House,http://www.myfloridahouse.gov/Sections/Representatives/details.aspx?MemberId=4646&LegislativeTermId=87,http://www.myfloridahouse.gov/FileStores/Web/Imaging/Member/4646.jpg,53,R,Unincorporated South Brevard County,Brevard
"Fischer, Jason",Jason Fischer,Jason,Fischer,rep-jason-fischer-16,Rep.,House,http://www.myfloridahouse.gov/Sections/Representatives/details.aspx?MemberId=4639&LegislativeTermId=87,http://www.myfloridahouse.gov/FileStores/Web/Imaging/Member/4639.jpg,16,R,Jacksonville,Duval
"Fitzenhagen, Heather",Heather Fitzenhagen,Heather,Fitzenhagen,rep-heather-fitzenhagen-78,Rep.,House,http://www.myfloridahouse.gov/Sections/Representatives/details.aspx?MemberId=4574&LegislativeTermId=87,http://www.myfloridahouse.gov/FileStores/Web/Imaging/Member/4574.jpg,78,R,Fort Myers,Lee
"Flores, Anitere",Anitere Flores,Anitere,Flores,sen-anitere-flores-39,Sen.,Senate,http://www.flsenate.gov/Senators/s39,http://www.flsenate.gov/PublishedContent/Senators/2016-2018/Photos/s39_4783.jpg,39,R,Miami,Monroe|Miami-Dade
"Gainer, George B.",George B. Gainer,George,Gainer,sen-george-gainer-2,Sen.,Senate,http://www.flsenate.gov/Senators/s2,http://www.flsenate.gov/PublishedContent/Senators/2016-2018/Photos/s02_5190.jpg,2,R,Panama City,Bay|Holmes|Jackson|Walton|Washington|Okaloosa
"Galvano, Bill",Bill Galvano,Bill,Galvano,sen-bill-galvano-21,Sen.,Senate,http://www.flsenate.gov/Senators/s21,http://www.flsenate.gov/PublishedContent/Senators/2016-2018/Photos/s21_5098.jpg,21,R,Bradenton,Manatee|Hillsborough
"Garcia, Rene",Rene Garcia,Rene,Garcia,sen-rene-garcia-36,Sen.,Senate,http://www.flsenate.gov/Senators/s36,http://www.flsenate.gov/PublishedContent/Senators/2016-2018/Photos/s36_4717.jpg,36,R,Hialeah,Miami-Dade
"Geller, Joseph",Joseph Geller,Joseph,Geller,rep-joseph-geller-100,Rep.,House,http://www.myfloridahouse.gov/Sections/Representatives/details.aspx?MemberId=4614&LegislativeTermId=87,http://www.myfloridahouse.gov/FileStores/Web/Imaging/Member/4614.jpg,100,D,Aventura,Broward|Miami-Dade
"Gibson, Audrey",Audrey Gibson,Audrey,Gibson,sen-audrey-gibson-6,Sen.,Senate,http://www.flsenate.gov/Senators/s6,http://www.flsenate.gov/PublishedContent/Senators/2016-2018/Photos/s06_4765.jpg,6,D,Jacksonville,Duval
"Gonzalez, Julio",Julio Gonzalez,Julio,Gonzalez,rep-julio-gonzalez-74,Rep.,House,http://www.myfloridahouse.gov/Sections/Representatives/details.aspx?MemberId=4611&LegislativeTermId=87,http://www.myfloridahouse.gov/FileStores/Web/Imaging/Member/4611.jpg,74,R,Venice,Sarasota
"Goodson, Tom",Tom Goodson,Tom,Goodson,rep-tom-goodson-51,Rep.,House,http://www.myfloridahouse.gov/Sections/Representatives/details.aspx?MemberId=4500&LegislativeTermId=87,http://www.myfloridahouse.gov/FileStores/Web/Imaging/Member/4500.jpg,51,R,Rockledge,Brevard
"Grall, Erin",Erin Grall,Erin,Grall,rep-erin-grall-54,Rep.,House,http://www.myfloridahouse.gov/Sections/Representatives/details.aspx?MemberId=4637&LegislativeTermId=87,http://www.myfloridahouse.gov/FileStores/Web/Imaging/Member/4637.jpg,54,R,Vero Beach,Indian River|St. Lucie
"Grant, James ""J.W.""",James Grant,James,Grant,rep-james-grant-64,Rep.,House,http://www.myfloridahouse.gov/Sections/Representatives/details.aspx?MemberId=4504&LegislativeTermId=87,http://www.myfloridahouse.gov/FileStores/Web/Imaging/Member/4504.jpg,64,R,Tampa,Hillsborough|Pinellas
"Grant, Michael",Michael Grant,Michael,Grant,rep-michael-grant-75,Rep.,House,http://www.myfloridahouse.gov/Sections/Representatives/details.aspx?MemberId=4349&LegislativeTermId=87,http://www.myfloridahouse.gov/FileStores/Web/Imaging/Member/4349.jpg,75,R,Port Charlotte,Charlotte
"Grimsley, Denise",Denise Grimsley,Denise,Grimsley,sen-denise-grimsley-26,Sen.,Senate,http://www.flsenate.gov/Senators/s26,http://www.flsenate.gov/PublishedContent/Senators/2016-2018/Photos/s26_5099.jpg,26,R,Lake Placid,DeSoto|Glades|Hardee|Highlands|Okeechobee|Charlotte|Lee|Polk
"Gruters, Joe",Joe Gruters,Joe,Gruters,rep-joe-gruters-73,Rep.,House,http://www.myfloridahouse.gov/Sections/Representatives/details.aspx?MemberId=4661&LegislativeTermId=87,http://www.myfloridahouse.gov/FileStores/Web/Imaging/Member/4661.jpg,73,R,Sarasota,Manatee|Sarasota
"Hager, Bill",Bill Hager,Bill,Hager,rep-bill-hager-89,Rep.,House,http://www.myfloridahouse.gov/Sections/Representatives/details.aspx?MemberId=4518&LegislativeTermId=87,http://www.myfloridahouse.gov/FileStores/Web/Imaging/Member/4518.jpg,89,R,Delray Beach,Palm Beach
"Hahnfeldt, Don",Don Hahnfeldt,Don,Hahnfeldt,rep-don-hahnfeldt-33,Rep.,House,http://www.myfloridahouse.gov/Sections/Representatives/details.aspx?MemberId=4623&LegislativeTermId=87,http://www.myfloridahouse.gov/FileStores/Web/Imaging/Member/4623.jpg,33,R,The Villages,Sumter|Lake|Marion
"Hardemon, Roy",Roy Hardemon,Roy,Hardemon,rep-roy-hardemon-108,Rep.,House,http://www.myfloridahouse.gov/Sections/Representatives/details.aspx?MemberId=4631&LegislativeTermId=87,http://www.myfloridahouse.gov/FileStores/Web/Imaging/Member/4631.jpg,108,D,Miami,Miami-Dade
"Harrell, Gayle B.",Gayle B. Harrell,Gayle,Harrell,rep-gayle-harrell-83,Rep.,House,http://www.myfloridahouse.gov/Sections/Representatives/details.aspx?MemberId=4211&LegislativeTermId=87,http://www.myfloridahouse.gov/FileStores/Web/Imaging/Member/4211.jpg,83,R,Stuart,Martin|St. Lucie
"Harrison, Shawn",Shawn Harrison,Shawn,Harrison,rep-shawn-harrison-63,Rep.,House,http://www.myfloridahouse.gov/Sections/Representatives/details.aspx?MemberId=4510&LegislativeTermId=87,http://www.myfloridahouse.gov/FileStores/Web/Imaging/Member/4510.jpg,63,R,Tampa,Hillsborough
"Henry, Patrick",Patrick Henry,Patrick,Henry,rep-patrick-henry-26,Rep.,House,http://www.myfloridahouse.gov/Sections/Representatives/details.aspx?MemberId=4663&LegislativeTermId=87,http://www.myfloridahouse.gov/FileStores/Web/Imaging/Member/4663.jpg,26,D,Daytona Beach,Volusia
"Hukill, Dorothy L.",Dorothy L. Hukill,Dorothy,Hukill,sen-dorothy-hukill-14,Sen.,Senate,http://www.flsenate.gov/Senators/s14,http://www.flsenate.gov/PublishedContent/Senators/2016-2018/Photos/s14_5102.jpg,14,R,Port Orange,Brevard|Volusia
"Hutson, Travis",Travis Hutson,Travis,Hutson,sen-travis-hutson-7,Sen.,Senate,http://www.flsenate.gov/Senators/s7,http://www.flsenate.gov/PublishedContent/Senators/2016-2018/Photos/s07_5186.jpg,7,R,Palm Coast,Flagler|St. Johns|Volusia
"Ingoglia, Blaise",Blaise Ingoglia,Blaise,Ingoglia,rep-blaise-ingoglia-35,Rep.,House,http://www.myfloridahouse.gov/Sections/Representatives/details.aspx?MemberId=4603&LegislativeTermId=87,http://www.myfloridahouse.gov/FileStores/Web/Imaging/Member/4603.jpg,35,R,Spring Hill,Hernando
"Ingram, Clay",Clay Ingram,Clay,Ingram,rep-clay-ingram-1,Rep.,House,http://www.myfloridahouse.gov/Sections/Representatives/details.aspx?MemberId=4493&LegislativeTermId=87,http://www.myfloridahouse.gov/FileStores/Web/Imaging/Member/4493.jpg,1,R,Pensacola,Escambia
"Jacobs, Kristin Diane",Kristin Diane Jacobs,Kristin,Jacobs,rep-kristin-jacobs-96,Rep.,House,http://www.myfloridahouse.gov/Sections/Representatives/details.aspx?MemberId=4613&LegislativeTermId=87,http://www.myfloridahouse.gov/FileStores/Web/Imaging/Member/4613.jpg,96,D,Coconut Creek,Broward
"Jacquet, Al",Al Jacquet,Al ,Jacquet,rep-al-jacquet-88,Rep.,House,http://www.myfloridahouse.gov/Sections/Representatives/details.aspx?MemberId=4628&LegislativeTermId=87,http://www.myfloridahouse.gov/FileStores/Web/Imaging/Member/4628.jpg,88,D,Lantana,Palm Beach
"Jenne, Evan",Evan Jenne,Evan,Jenne,rep-evan-jenne-99,Rep.,House,http://www.myfloridahouse.gov/Sections/Representatives/details.aspx?MemberId=4365&LegislativeTermId=87,http://www.myfloridahouse.gov/FileStores/Web/Imaging/Member/4365.jpg,99,D,Dania Beach,Broward
"Jones, Shevrin D. ",Shevrin D. Jones,Shevrin,Jones,rep-shevrin-jones-101,Rep.,House,http://www.myfloridahouse.gov/Sections/Representatives/details.aspx?MemberId=4559&LegislativeTermId=87,http://www.myfloridahouse.gov/FileStores/Web/Imaging/Member/4559.jpg,101,D,West Park,Broward
"Killebrew, Sam H.",Sam H. Killebrew,Sam,Killebrew,rep-sam-killebrew-41,Rep.,House,http://www.myfloridahouse.gov/Sections/Representatives/details.aspx?MemberId=4644&LegislativeTermId=87,http://www.myfloridahouse.gov/FileStores/Web/Imaging/Member/4644.jpg,41,R,Winter Haven,Polk
"La Rosa, Mike",Mike La Rosa,Mike,La Rosa,rep-mike-la-rosa-42,Rep.,House,http://www.myfloridahouse.gov/Sections/Representatives/details.aspx?MemberId=4546&LegislativeTermId=87,http://www.myfloridahouse.gov/FileStores/Web/Imaging/Member/4546.jpg,42,R,St. Cloud,Osceola|Polk
"Latvala, Chris",Chris Latvala,Chris,Latvala,rep-chris-latvala-67,Rep.,House,http://www.myfloridahouse.gov/Sections/Representatives/details.aspx?MemberId=4610&LegislativeTermId=87,http://www.myfloridahouse.gov/FileStores/Web/Imaging/Member/4610.jpg,67,R,Clearwater,Pinellas
"Latvala, Jack",Jack Latvala,Jack,Latvala,sen-jack-latvala-16,Sen.,Senate,http://www.flsenate.gov/Senators/s16,http://www.flsenate.gov/PublishedContent/Senators/2016-2018/Photos/s16_4514.jpg,16,R,Clearwater,Pasco|Pinellas
"Lee, Larry, Jr.",Larry Lee Jr.,Larry,Lee,rep-larry-lee-84,Rep.,House,http://www.myfloridahouse.gov/Sections/Representatives/details.aspx?MemberId=4576&LegislativeTermId=87,http://www.myfloridahouse.gov/FileStores/Web/Imaging/Member/4576.jpg,84,D,Port St. Lucie,St. Lucie
"Lee, Tom",Tom Lee,Tom,Lee,sen-tom-lee-20,Sen.,Senate,http://www.flsenate.gov/Senators/s20,http://www.flsenate.gov/PublishedContent/Senators/2016-2018/Photos/s20_5100.jpg,20,R,Brandon,Hillsborough|Pasco|Polk
"Leek, Thomas J. ",Thomas J. Leek,Thomas,Leek,rep-thomas-leek-25,Rep.,House,http://www.myfloridahouse.gov/Sections/Representatives/details.aspx?MemberId=4662&LegislativeTermId=87,http://www.myfloridahouse.gov/FileStores/Web/Imaging/Member/4662.jpg,25,R,Ormond Beach,Volusia
"Magar, MaryLynn ",MaryLynn Magar,MaryLynn,Magar,rep-marylynn-magar-82,Rep.,House,http://www.myfloridahouse.gov/Sections/Representatives/details.aspx?MemberId=4575&LegislativeTermId=87,http://www.myfloridahouse.gov/FileStores/Web/Imaging/Member/4575.jpg,82,R,Tequesta,Martin|Palm Beach
"Mariano, Amber",Amber Mariano,Amber,Mariano,rep-amber-mariano-36,Rep.,House,http://www.myfloridahouse.gov/Sections/Representatives/details.aspx?MemberId=4684&LegislativeTermId=87,http://www.myfloridahouse.gov/FileStores/Web/Imaging/Member/4684.jpg,36,R,Hudson,Pasco
"Massullo, Ralph E.",Ralph E. Massullo,Ralph,Massullo,rep-ralph-massullo-34,Rep.,House,http://www.myfloridahouse.gov/Sections/Representatives/details.aspx?MemberId=4624&LegislativeTermId=87,http://www.myfloridahouse.gov/FileStores/Web/Imaging/Member/4624.jpg,34,R,Lecanto,Citrus|Hernando
"Mayfield, Debbie",Debbie Mayfield,Debbie,Mayfield,sen-debbie-mayfield-17,Sen.,Senate,http://www.flsenate.gov/Senators/s17,http://www.flsenate.gov/PublishedContent/Senators/2016-2018/Photos/s17_5199.jpg,17,R,Melbourne,Indian River|Brevard
"McClain, Stan",Stan McClain,Stan,McClain,rep-stan-mcclain-23,Rep.,House,http://www.myfloridahouse.gov/Sections/Representatives/details.aspx?MemberId=4658&LegislativeTermId=87,http://www.myfloridahouse.gov/FileStores/Web/Imaging/Member/4658.jpg,23,R,Belleview,Marion
"McGhee, Kionne L.",Kionne L. McGhee,Kionne,McGhee,rep-kionne-mcghee-117,Rep.,House,http://www.myfloridahouse.gov/Sections/Representatives/details.aspx?MemberId=4555&LegislativeTermId=87,http://www.myfloridahouse.gov/FileStores/Web/Imaging/Member/4555.jpg,117,D,Miami,Miami-Dade
"Mercado, Amy",Amy Mercado,Amy,Mercado,rep-amy-mercado-48,Rep.,House,http://www.myfloridahouse.gov/Sections/Representatives/details.aspx?MemberId=4638&LegislativeTermId=87,http://www.myfloridahouse.gov/FileStores/Web/Imaging/Member/4638.jpg,48,D,Orlando,Orange
"Metz, Larry",Larry Metz,Larry,Metz,rep-larry-metz-32,Rep.,House,http://www.myfloridahouse.gov/Sections/Representatives/details.aspx?MemberId=4498&LegislativeTermId=87,http://www.myfloridahouse.gov/FileStores/Web/Imaging/Member/4498.jpg,32,R,Yalaha,Lake
"Miller, Alexandra C. ",Alexandra C. Miller,Alexandra,Miller,rep-alexandra-miller-72,Rep.,House,http://www.myfloridahouse.gov/Sections/Representatives/details.aspx?MemberId=4660&LegislativeTermId=87,http://www.myfloridahouse.gov/FileStores/Web/Imaging/Member/4660.jpg,72,R,Sarasota,Sarasota
"Miller, Mike",Mike Miller,Mike,Miller,rep-mike-miller-47,Rep.,House,http://www.myfloridahouse.gov/Sections/Representatives/details.aspx?MemberId=4606&LegislativeTermId=87,http://www.myfloridahouse.gov/FileStores/Web/Imaging/Member/4606.jpg,47,R,Winter Park,Orange
"Montford, Bill",Bill Montford,Bill,Montford,sen-bill-montford-3,Sen.,Senate,http://www.flsenate.gov/Senators/s3,http://www.flsenate.gov/PublishedContent/Senators/2016-2018/Photos/s03_5045.jpg,3,D,Tallahassee,Calhoun|Franklin|Gadsden|Gulf|Hamilton|Jefferson|Leon|Liberty|Madison|Taylor|Wakulla
"Moraitis, George R., Jr.",George R. Moraitis Jr.,George,Moraitis,rep-george-moraitis-93,Rep.,House,http://www.myfloridahouse.gov/Sections/Representatives/details.aspx?MemberId=4520&LegislativeTermId=87,http://www.myfloridahouse.gov/FileStores/Web/Imaging/Member/4520.jpg,93,R,Fort Lauderdale,Broward
"Moskowitz, Jared Evan",Jared Evan Moskowitz,Jared,Moskowitz,rep-jared-moskowitz-97,Rep.,House,http://www.myfloridahouse.gov/Sections/Representatives/details.aspx?MemberId=4560&LegislativeTermId=87,http://www.myfloridahouse.gov/FileStores/Web/Imaging/Member/4560.jpg,97,D,Coral Springs,Broward
"Negron, Joe",Joe Negron,Joe,Negron,sen-joe-negron-25,Sen.,Senate,http://www.flsenate.gov/Senators/s25,http://www.flsenate.gov/PublishedContent/Senators/2016-2018/Photos/s25_4688.jpg,25,R,Palm City,Martin|St. Lucie|Palm Beach
"Newton, Wengay M., Sr.",Wengay M. Newton Sr.,Wengay,Newton,rep-wengay-newton-70,Rep.,House,http://www.myfloridahouse.gov/Sections/Representatives/details.aspx?MemberId=4659&LegislativeTermId=87,http://www.myfloridahouse.gov/FileStores/Web/Imaging/Member/4659.jpg,70,D,St. Petersburg,Hillsborough|Manatee|Pinellas|Sarasota
"Nuñez, Jeanette M.",Jeanette M. Nuñez,Jeanette,Nuñez,rep-jeanette-nunez-119,Rep.,House,http://www.myfloridahouse.gov/Sections/Representatives/details.aspx?MemberId=4524&LegislativeTermId=87,http://www.myfloridahouse.gov/FileStores/Web/Imaging/Member/4524.jpg,119,R,,Miami-Dade
"Oliva, Jose R.",Jose R. Oliva,Jose,Oliva,rep-jose-oliva-110,Rep.,House,http://www.myfloridahouse.gov/Sections/Representatives/details.aspx?MemberId=4534&LegislativeTermId=87,http://www.myfloridahouse.gov/FileStores/Web/Imaging/Member/4534.jpg,110,R,Miami Lakes,Miami-Dade
"Passidomo, Kathleen",Kathleen Passidomo,Kathleen,Passidomo,sen-kathleen-passidomo-28,Sen.,Senate,http://www.flsenate.gov/Senators/s28,http://www.flsenate.gov/PublishedContent/Senators/2016-2018/Photos/s28_5196.jpg,28,R,Naples,Collier|Hendry|Lee
"Payne, Bobby",Bobby Payne,Bobby,Payne,rep-bobby-payne-19,Rep.,House,http://www.myfloridahouse.gov/Sections/Representatives/details.aspx?MemberId=4653&LegislativeTermId=87,http://www.myfloridahouse.gov/FileStores/Web/Imaging/Member/4653.jpg,19,R,Palatka,Bradford|Putnam|Union|Clay
"Perry, Keith",Keith Perry,Keith,Perry,sen-keith-perry-8,Sen.,Senate,http://www.flsenate.gov/Senators/s8,http://www.flsenate.gov/PublishedContent/Senators/2016-2018/Photos/s08_5200.jpg,8,R,Gainesville,Alachua|Putnam|Marion
"Peters, Kathleen M.",Kathleen M. Peters,Kathleen,Peters,rep-kathleen-peters-69,Rep.,House,http://www.myfloridahouse.gov/Sections/Representatives/details.aspx?MemberId=4571&LegislativeTermId=87,http://www.myfloridahouse.gov/FileStores/Web/Imaging/Member/4571.jpg,69,R,Treasure Island,Pinellas
"Pigman, Cary",Cary Pigman,Cary,Pigman,rep-cary-pigman-55,Rep.,House,http://www.myfloridahouse.gov/Sections/Representatives/details.aspx?MemberId=4551&LegislativeTermId=87,http://www.myfloridahouse.gov/FileStores/Web/Imaging/Member/4551.jpg,55,R,Avon Park,Glades|Highlands|Okeechobee|St. Lucie
"Plakon, Scott",Scott Plakon,Scott,Plakon,rep-scott-plakon-29,Rep.,House,http://www.myfloridahouse.gov/Sections/Representatives/details.aspx?MemberId=4430&LegislativeTermId=87,http://www.myfloridahouse.gov/FileStores/Web/Imaging/Member/4430.jpg,29,R,Longwood,Seminole
"Plasencia, Rene ""Coach P""",Rene Plasencia,Rene,Plasencia,rep-rene-plasencia-50,Rep.,House,http://www.myfloridahouse.gov/Sections/Representatives/details.aspx?MemberId=4607&LegislativeTermId=87,http://www.myfloridahouse.gov/FileStores/Web/Imaging/Member/4607.jpg,50,R,Orlando,Brevard|Orange
"Ponder, Mel",Mel Ponder,Mel,Ponder,rep-mel-ponder-4,Rep.,House,http://www.myfloridahouse.gov/Sections/Representatives/details.aspx?MemberId=4641&LegislativeTermId=87,http://www.myfloridahouse.gov/FileStores/Web/Imaging/Member/4641.jpg,4,R,Destin,Okaloosa
"Porter, Elizabeth W.",Elizabeth W. Porter,Elizabeth,Porter,rep-elizabeth-porter-10,Rep.,House,http://www.myfloridahouse.gov/Sections/Representatives/details.aspx?MemberId=4494&LegislativeTermId=87,http://www.myfloridahouse.gov/FileStores/Web/Imaging/Member/4494.jpg,10,R,Lake City,Baker|Columbia|Hamilton|Suwannee|Alachua
"Powell, Bobby",Bobby Powell,Bobby,Powell,sen-bobby-powell-30,Sen.,Senate,http://www.flsenate.gov/Senators/s30,http://www.flsenate.gov/PublishedContent/Senators/2016-2018/Photos/s30_5201.jpg,30,D,West Palm Beach,Palm Beach
"Pritchett, Sharon",Sharon Pritchett,Sharon,Pritchett,rep-sharon-pritchett-102,Rep.,House,http://www.myfloridahouse.gov/Sections/Representatives/details.aspx?MemberId=4561&LegislativeTermId=87,http://www.myfloridahouse.gov/FileStores/Web/Imaging/Member/4561.jpg,102,D,Miami Gardens,Broward|Miami-Dade
"Raburn, Jake",Jake Raburn,Jake,Raburn,rep-jake-raburn-57,Rep.,House,http://www.myfloridahouse.gov/Sections/Representatives/details.aspx?MemberId=4552&LegislativeTermId=87,http://www.myfloridahouse.gov/FileStores/Web/Imaging/Member/4552.jpg,57,R,Lithia,Hillsborough
"Rader, Kevin J.",Kevin J. Rader,Kevin,Rader,sen-kevin-rader-29,Sen.,Senate,http://www.flsenate.gov/Senators/s29,http://www.flsenate.gov/PublishedContent/Senators/2016-2018/Photos/s29_5032.jpg,29,D,Boca Raton,Broward|Palm Beach
"Raschein, Holly",Holly Raschein,Holly,Raschein,rep-holly-raschein-120,Rep.,House,http://www.myfloridahouse.gov/Sections/Representatives/details.aspx?MemberId=4562&LegislativeTermId=87,http://www.myfloridahouse.gov/FileStores/Web/Imaging/Member/4562.jpg,120,R,Key Largo,Monroe|Miami-Dade
"Raulerson, Daniel D. ",Daniel D. Raulerson,Daniel,Raulerson,rep-daniel-raulerson-58,Rep.,House,http://www.myfloridahouse.gov/Sections/Representatives/details.aspx?MemberId=4553&LegislativeTermId=87,http://www.myfloridahouse.gov/FileStores/Web/Imaging/Member/4553.jpg,58,R,Plant City,Hillsborough
"Renner, Paul",Paul Renner,Paul,Renner,rep-paul-renner-24,Rep.,House,http://www.myfloridahouse.gov/Sections/Representatives/details.aspx?MemberId=4619&LegislativeTermId=87,http://www.myfloridahouse.gov/FileStores/Web/Imaging/Member/4619.jpg,24,R,Palm Coast,Flagler|St. Johns|Volusia
"Richardson, David",David Richardson,David,Richardson,rep-david-richardson-113,Rep.,House,http://www.myfloridahouse.gov/Sections/Representatives/details.aspx?MemberId=4556&LegislativeTermId=87,http://www.myfloridahouse.gov/FileStores/Web/Imaging/Member/4556.jpg,113,D,Miami Beach,Miami-Dade
"Rodrigues, Ray Wesley",Ray Wesley Rodrigues,Ray,Rodrigues,rep-ray-rodrigues-76,Rep.,House,http://www.myfloridahouse.gov/Sections/Representatives/details.aspx?MemberId=4572&LegislativeTermId=87,http://www.myfloridahouse.gov/FileStores/Web/Imaging/Member/4572.jpg,76,R,,Lee
"Rodriguez, Jose Javier",Jose Javier Rodriguez,Jose,Rodriguez,sen-jose-rodriguez-37,Sen.,Senate,http://www.flsenate.gov/Senators/s37,http://www.flsenate.gov/PublishedContent/Senators/2016-2018/Photos/s37_5202.jpg,37,D,Miami,Miami-Dade
"Rommel, Bob",Bob Rommel,Bob,Rommel,rep-bob-rommel-106,Rep.,House,http://www.myfloridahouse.gov/Sections/Representatives/details.aspx?MemberId=4634&LegislativeTermId=87,http://www.myfloridahouse.gov/FileStores/Web/Imaging/Member/4634.jpg,106,R,Naples,Collier
"Roth, Rick",Rick Roth,Rick,Roth,rep-rick-roth-85,Rep.,House,http://www.myfloridahouse.gov/Sections/Representatives/details.aspx?MemberId=4648&LegislativeTermId=87,http://www.myfloridahouse.gov/FileStores/Web/Imaging/Member/4648.jpg,85,R,Loxahatchee,Palm Beach
"Rouson, Darryl Ervin",Darryl Ervin Rouson,Darryl,Rouson,sen-darryl-rouson-19,Sen.,Senate,http://www.flsenate.gov/Senators/s19,http://www.flsenate.gov/PublishedContent/Senators/2016-2018/Photos/s19_5203.jpg,19,D,St. Petersburg,Hillsborough|Pinellas
"Russell, Barrington A. ",Barrington A. Russell,Barrington,Russell,rep-barrington-russell-95,Rep.,House,http://www.myfloridahouse.gov/Sections/Representatives/details.aspx?MemberId=4630&LegislativeTermId=87,http://www.myfloridahouse.gov/FileStores/Web/Imaging/Member/4630.jpg,95,D,Lauderdale Lakes,Broward
"Santiago, David",David Santiago,David,Santiago,rep-david-santiago-27,Rep.,House,http://www.myfloridahouse.gov/Sections/Representatives/details.aspx?MemberId=4544&LegislativeTermId=87,http://www.myfloridahouse.gov/FileStores/Web/Imaging/Member/4544.jpg,27,R,Deltona,Volusia
"Shaw, Sean",Sean Shaw,Sean,Shaw,rep-sean-shaw-61,Rep.,House,http://www.myfloridahouse.gov/Sections/Representatives/details.aspx?MemberId=4626&LegislativeTermId=87,http://www.myfloridahouse.gov/FileStores/Web/Imaging/Member/4626.jpg,61,D,Tampa,Hillsborough
"Silvers, David",David Silvers,David,Silvers,rep-david-silvers-87,Rep.,House,http://www.myfloridahouse.gov/Sections/Representatives/details.aspx?MemberId=4627&LegislativeTermId=87,http://www.myfloridahouse.gov/FileStores/Web/Imaging/Member/4627.jpg,87,D,West Palm Beach,Palm Beach
"Simmons, David",David Simmons,David,Simmons,sen-david-simmons-9,Sen.,Senate,http://www.flsenate.gov/Senators/s9,http://www.flsenate.gov/PublishedContent/Senators/2016-2018/Photos/s09_4682.jpg,9,R,Longwood,Seminole|Volusia
"Simpson, Wilton",Wilton Simpson,Wilton,Simpson,sen-wilton-simpson-10,Sen.,Senate,http://www.flsenate.gov/Senators/s10,http://www.flsenate.gov/PublishedContent/Senators/2016-2018/Photos/s10_5104.jpg,10,R,Spring Hill,Citrus|Hernando|Pasco
"Slosberg, Emily",Emily Slosberg,Emily,Slosberg,rep-emily-slosberg-91,Rep.,House,http://www.myfloridahouse.gov/Sections/Representatives/details.aspx?MemberId=4635&LegislativeTermId=87,http://www.myfloridahouse.gov/FileStores/Web/Imaging/Member/4635.jpg,91,D,Boca Raton,Palm Beach
"Smith, Carlos Guillermo",Carlos Guillermo Smith,Carlos,Smith,rep-carlos-smith-49,Rep.,House,http://www.myfloridahouse.gov/Sections/Representatives/details.aspx?MemberId=4642&LegislativeTermId=87,http://www.myfloridahouse.gov/FileStores/Web/Imaging/Member/4642.jpg,49,D,Orlando,Orange
"Spano, Ross",Ross Spano,Ross,Spano,rep-ross-spano-59,Rep.,House,http://www.myfloridahouse.gov/Sections/Representatives/details.aspx?MemberId=4568&LegislativeTermId=87,http://www.myfloridahouse.gov/FileStores/Web/Imaging/Member/4568.jpg,59,R,Dover,Hillsborough
"Sprowls, Chris",Chris Sprowls,Chris,Sprowls,rep-chris-sprowls-65,Rep.,House,http://www.myfloridahouse.gov/Sections/Representatives/details.aspx?MemberId=4609&LegislativeTermId=87,http://www.myfloridahouse.gov/FileStores/Web/Imaging/Member/4609.jpg,65,R,Palm Harbor,Pinellas
"Stafford, Cynthia A.",Cynthia A. Stafford,Cynthia,Stafford,rep-cynthia-stafford-109,Rep.,House,http://www.myfloridahouse.gov/Sections/Representatives/details.aspx?MemberId=4523&LegislativeTermId=87,http://www.myfloridahouse.gov/FileStores/Web/Imaging/Member/4523.jpg,109,D,Miami,Miami-Dade
"Stargel, Kelli",Kelli Stargel,Kelli,Stargel,sen-kelli-stargel-22,Sen.,Senate,http://www.flsenate.gov/Senators/s22,http://www.flsenate.gov/PublishedContent/Senators/2016-2018/Photos/s22_5105.jpg,22,R,Lakeland,Lake|Polk
"Stark, Richard",Richard Stark,Richard,Stark,rep-richard-stark-104,Rep.,House,http://www.myfloridahouse.gov/Sections/Representatives/details.aspx?MemberId=4557&LegislativeTermId=87,http://www.myfloridahouse.gov/FileStores/Web/Imaging/Member/4557.jpg,104,D,Weston,Broward
"Steube, Greg",Greg Steube,Greg,Steube,sen-greg-steube-23,Sen.,Senate,http://www.flsenate.gov/Senators/s23,http://www.flsenate.gov/PublishedContent/Senators/2016-2018/Photos/s23_5204.jpg,23,R,Sarasota,Sarasota|Charlotte
"Stevenson, Cyndi",Cyndi Stevenson,Cyndi,Stevenson,rep-cyndi-stevenson-17,Rep.,House,http://www.myfloridahouse.gov/Sections/Representatives/details.aspx?MemberId=4620&LegislativeTermId=87,http://www.myfloridahouse.gov/FileStores/Web/Imaging/Member/4620.jpg,17,R,St. Johns,St. Johns
"Stewart, Linda",Linda Stewart,Linda,Stewart,sen-linda-stewart-13,Sen.,Senate,http://www.flsenate.gov/Senators/s13,http://www.flsenate.gov/PublishedContent/Senators/2016-2018/Photos/s13_5205.jpg,13,D,Orlando,Orange
"Stone, Charlie",Charlie Stone,Charlie,Stone,rep-charlie-stone-22,Rep.,House,http://www.myfloridahouse.gov/Sections/Representatives/details.aspx?MemberId=4537&LegislativeTermId=87,http://www.myfloridahouse.gov/FileStores/Web/Imaging/Member/4537.jpg,22,R,Ocala,Levy|Marion
"Sullivan, Jennifer Mae",Jennifer Mae Sullivan,Jennifer,Sullivan,rep-jennifer-sullivan-31,Rep.,House,http://www.myfloridahouse.gov/Sections/Representatives/details.aspx?MemberId=4602&LegislativeTermId=87,http://www.myfloridahouse.gov/FileStores/Web/Imaging/Member/4602.jpg,31,R,Mount Dora,Lake|Orange
"Thurston, Perry E., Jr.",Perry E. Thurston Jr.,Perry,Thurston,sen-perry-thurston-33,Sen.,Senate,http://www.flsenate.gov/Senators/s33,http://www.flsenate.gov/PublishedContent/Senators/2016-2018/Photos/s33_5191.jpg,33,D,Fort Lauderdale,Broward
"Toledo, Jackie",Jackie Toledo,Jackie,Toledo,rep-jackie-toledo-60,Rep.,House,http://www.myfloridahouse.gov/Sections/Representatives/details.aspx?MemberId=4647&LegislativeTermId=87,http://www.myfloridahouse.gov/FileStores/Web/Imaging/Member/4647.jpg,60,R,Tampa,Hillsborough
"Torres, Victor M., Jr.",Victor M. Torres Jr.,Victor,Torres,sen-victor-torres-15,Sen.,Senate,http://www.flsenate.gov/Senators/s15,http://www.flsenate.gov/PublishedContent/Senators/2016-2018/Photos/s15_5206.jpg,15,D,Kissimmee,Osceola|Orange
"Trujillo, Carlos",Carlos Trujillo,Carlos,Trujillo,rep-carlos-trujillo-105,Rep.,House,http://www.myfloridahouse.gov/Sections/Representatives/details.aspx?MemberId=4527&LegislativeTermId=87,http://www.myfloridahouse.gov/FileStores/Web/Imaging/Member/4527.jpg,105,R,Miami,Broward|Collier|Miami-Dade
"Trumbull, Jay",Jay Trumbull,Jay,Trumbull,rep-jay-trumbull-6,Rep.,House,http://www.myfloridahouse.gov/Sections/Representatives/details.aspx?MemberId=4600&LegislativeTermId=87,http://www.myfloridahouse.gov/FileStores/Web/Imaging/Member/4600.jpg,6,R,Panama City,Bay
"Watson Jr., Clovis",Clovis Watson Jr.,Clovis,Watson,rep-clovis-watson-20,Rep.,House,http://www.myfloridahouse.gov/Sections/Representatives/details.aspx?MemberId=4541&LegislativeTermId=87,http://www.myfloridahouse.gov/FileStores/Web/Imaging/Member/4541.jpg,20,D,Alachua,Alachua|Marion
"Watson, Barbara",Barbara Watson,Barbara,Watson,rep-barbara-watson-107,Rep.,House,http://www.myfloridahouse.gov/Sections/Representatives/details.aspx?MemberId=4532&LegislativeTermId=87,http://www.myfloridahouse.gov/FileStores/Web/Imaging/Member/4532.jpg,107,D,Miami Gardens,Miami-Dade
"White, Frank",Frank White,Frank,White,rep-frank-white-2,Rep.,House,http://www.myfloridahouse.gov/Sections/Representatives/details.aspx?MemberId=4645&LegislativeTermId=87,http://www.myfloridahouse.gov/FileStores/Web/Imaging/Member/4645.jpg,2,R,Pensacola,Escambia|Santa Rosa
"Willhite, Matt",Matt Willhite,Matt,Willhite,rep-matt-willhite-86,Rep.,House,http://www.myfloridahouse.gov/Sections/Representatives/details.aspx?MemberId=4649&LegislativeTermId=87,http://www.myfloridahouse.gov/FileStores/Web/Imaging/Member/4649.jpg,86,D,Wellington,Palm Beach
"Williams, Patricia H.",Patricia H. Williams,Patricia,Williams,rep-patricia-williams-92,Rep.,House,http://www.myfloridahouse.gov/Sections/Representatives/details.aspx?MemberId=4629&LegislativeTermId=87,http://www.myfloridahouse.gov/FileStores/Web/Imaging/Member/4629.jpg,92,D,Lauderdale Lakes,Broward
"Williamson, Jayer",Jayer Williamson,Jayer,Williamson,rep-jayer-williamson-3,Rep.,House,http://www.myfloridahouse.gov/Sections/Representatives/details.aspx?MemberId=4622&LegislativeTermId=87,http://www.myfloridahouse.gov/FileStores/Web/Imaging/Member/4622.jpg,3,R,Pace,Okaloosa|Santa Rosa
"Yarborough, Clay",Clay Yarborough,Clay,Yarborough,rep-clay-yarborough-12,Rep.,House,http://www.myfloridahouse.gov/Sections/Representatives/details.aspx?MemberId=4633&LegislativeTermId=87,http://www.myfloridahouse.gov/FileStores/Web/Imaging/Member/4633.jpg,12,R,Jacksonville,Duval
"Young, Dana D.",Dana D. Young,Dana,Young,sen-dana-young-18,Sen.,Senate,http://www.flsenate.gov/Senators/s18,http://www.flsenate.gov/PublishedContent/Senators/2016-2018/Photos/s18_5207.jpg,18,R,Tampa,Hillsborough
